recip_county,year_week,cdc_lineage_simple
Bucks County,2020 - 07,Other
Bucks County,2020 - 08,Other
Bucks County,2020 - 09,Other
Bucks County,2020 - 10,Other
Bucks County,2020 - 11,Other
Bucks County,2020 - 12,Other
Bucks County,2020 - 13,Other
Bucks County,2020 - 14,Other
Bucks County,2020 - 15,Other
Bucks County,2020 - 16,Other
Bucks County,2020 - 17,Other
Bucks County,2020 - 18,Other
Bucks County,2020 - 19,Other
Bucks County,2020 - 20,Other
Bucks County,2020 - 21,Other
Bucks County,2020 - 22,Other
Bucks County,2020 - 23,Other
Bucks County,2020 - 24,Other
Bucks County,2020 - 25,Other
Bucks County,2020 - 26,Other
Bucks County,2020 - 27,Other
Bucks County,2020 - 28,Other
Bucks County,2020 - 29,Other
Bucks County,2020 - 30,Other
Bucks County,2020 - 31,Other
Bucks County,2020 - 32,Other
Bucks County,2020 - 33,Other
Bucks County,2020 - 34,Other
Bucks County,2020 - 35,Other
Bucks County,2020 - 36,Other
Bucks County,2020 - 37,Other
Bucks County,2020 - 38,Other
Bucks County,2020 - 39,Other
Bucks County,2020 - 40,Other
Bucks County,2020 - 41,Other
Bucks County,2020 - 42,Other
Bucks County,2020 - 43,Other
Bucks County,2020 - 44,Other
Bucks County,2020 - 45,Other
Bucks County,2020 - 46,Other
Bucks County,2020 - 47,Other
Bucks County,2020 - 48,Other
Bucks County,2020 - 49,Other
Bucks County,2020 - 50,Other
Bucks County,2020 - 51,Other
Bucks County,2020 - 52,Other
Bucks County,2020 - 53,Other
Bucks County,2021 - 01,Other
Bucks County,2021 - 02,Other
Bucks County,2021 - 03,Other
Bucks County,2021 - 04,Other
Bucks County,2021 - 05,Other
Bucks County,2021 - 06,Other
Bucks County,2021 - 07,Other
Bucks County,2021 - 08,Other
Bucks County,2021 - 09,Other
Bucks County,2021 - 10,Other
Bucks County,2021 - 11,Other
Bucks County,2021 - 12,Other
Bucks County,2021 - 13,Alpha
Bucks County,2021 - 14,Alpha
Bucks County,2021 - 15,Alpha
Bucks County,2021 - 16,Alpha
Bucks County,2021 - 17,Alpha
Bucks County,2021 - 18,Alpha
Bucks County,2021 - 19,Alpha
Bucks County,2021 - 20,Alpha
Bucks County,2021 - 21,Alpha
Bucks County,2021 - 22,Alpha
Bucks County,2021 - 23,Alpha
Bucks County,2021 - 24,Alpha
Bucks County,2021 - 25,Delta
Bucks County,2021 - 26,Delta
Bucks County,2021 - 27,Delta
Bucks County,2021 - 28,Delta
Bucks County,2021 - 29,Delta
Bucks County,2021 - 30,Delta
Bucks County,2021 - 31,Delta
Bucks County,2021 - 32,Delta
Bucks County,2021 - 33,Delta
Bucks County,2021 - 34,Delta
Bucks County,2021 - 35,Delta
Bucks County,2021 - 36,Delta
Bucks County,2021 - 37,Delta
Bucks County,2021 - 38,Delta
Bucks County,2021 - 39,Delta
Burlington County,2020 - 07,Other
Burlington County,2020 - 08,Other
Burlington County,2020 - 09,Other
Burlington County,2020 - 10,Other
Burlington County,2020 - 11,Other
Burlington County,2020 - 12,Other
Burlington County,2020 - 13,Other
Burlington County,2020 - 14,Other
Burlington County,2020 - 15,Other
Burlington County,2020 - 16,Other
Burlington County,2020 - 17,Other
Burlington County,2020 - 18,Other
Burlington County,2020 - 19,Other
Burlington County,2020 - 20,Other
Burlington County,2020 - 21,Other
Burlington County,2020 - 22,Other
Burlington County,2020 - 23,Other
Burlington County,2020 - 24,Other
Burlington County,2020 - 25,Other
Burlington County,2020 - 26,Other
Burlington County,2020 - 27,Other
Burlington County,2020 - 28,Other
Burlington County,2020 - 29,Other
Burlington County,2020 - 30,Other
Burlington County,2020 - 31,Other
Burlington County,2020 - 32,Other
Burlington County,2020 - 33,Other
Burlington County,2020 - 34,Other
Burlington County,2020 - 35,Other
Burlington County,2020 - 36,Other
Burlington County,2020 - 37,Other
Burlington County,2020 - 38,Other
Burlington County,2020 - 39,Other
Burlington County,2020 - 40,Other
Burlington County,2020 - 41,Other
Burlington County,2020 - 42,Other
Burlington County,2020 - 43,Other
Burlington County,2020 - 44,Other
Burlington County,2020 - 45,Other
Burlington County,2020 - 46,Other
Burlington County,2020 - 47,Other
Burlington County,2020 - 48,Other
Burlington County,2020 - 49,Other
Burlington County,2020 - 50,Other
Burlington County,2020 - 51,Other
Burlington County,2020 - 52,Other
Burlington County,2020 - 53,Other
Burlington County,2021 - 01,Other
Burlington County,2021 - 02,Other
Burlington County,2021 - 03,Other
Burlington County,2021 - 04,Other
Burlington County,2021 - 05,Other
Burlington County,2021 - 06,Other
Burlington County,2021 - 07,Other
Burlington County,2021 - 08,Other
Burlington County,2021 - 09,Other
Burlington County,2021 - 10,Other
Burlington County,2021 - 11,Other
Burlington County,2021 - 12,Other
Burlington County,2021 - 13,Alpha
Burlington County,2021 - 14,Alpha
Burlington County,2021 - 15,Alpha
Burlington County,2021 - 16,Alpha
Burlington County,2021 - 17,Alpha
Burlington County,2021 - 18,Alpha
Burlington County,2021 - 19,Alpha
Burlington County,2021 - 20,Alpha
Burlington County,2021 - 21,Alpha
Burlington County,2021 - 22,Alpha
Burlington County,2021 - 23,Alpha
Burlington County,2021 - 24,Alpha
Burlington County,2021 - 25,Delta
Burlington County,2021 - 26,Delta
Burlington County,2021 - 27,Delta
Burlington County,2021 - 28,Delta
Burlington County,2021 - 29,Delta
Burlington County,2021 - 30,Delta
Burlington County,2021 - 31,Delta
Burlington County,2021 - 32,Delta
Burlington County,2021 - 33,Delta
Burlington County,2021 - 34,Delta
Burlington County,2021 - 35,Delta
Burlington County,2021 - 36,Delta
Burlington County,2021 - 37,Delta
Burlington County,2021 - 38,Delta
Burlington County,2021 - 39,Delta
Camden County,2020 - 07,Other
Camden County,2020 - 08,Other
Camden County,2020 - 09,Other
Camden County,2020 - 10,Other
Camden County,2020 - 11,Other
Camden County,2020 - 12,Other
Camden County,2020 - 13,Other
Camden County,2020 - 14,Other
Camden County,2020 - 15,Other
Camden County,2020 - 16,Other
Camden County,2020 - 17,Other
Camden County,2020 - 18,Other
Camden County,2020 - 19,Other
Camden County,2020 - 20,Other
Camden County,2020 - 21,Other
Camden County,2020 - 22,Other
Camden County,2020 - 23,Other
Camden County,2020 - 24,Other
Camden County,2020 - 25,Other
Camden County,2020 - 26,Other
Camden County,2020 - 27,Other
Camden County,2020 - 28,Other
Camden County,2020 - 29,Other
Camden County,2020 - 30,Other
Camden County,2020 - 31,Other
Camden County,2020 - 32,Other
Camden County,2020 - 33,Other
Camden County,2020 - 34,Other
Camden County,2020 - 35,Other
Camden County,2020 - 36,Other
Camden County,2020 - 37,Other
Camden County,2020 - 38,Other
Camden County,2020 - 39,Other
Camden County,2020 - 40,Other
Camden County,2020 - 41,Other
Camden County,2020 - 42,Other
Camden County,2020 - 43,Other
Camden County,2020 - 44,Other
Camden County,2020 - 45,Other
Camden County,2020 - 46,Other
Camden County,2020 - 47,Other
Camden County,2020 - 48,Other
Camden County,2020 - 49,Other
Camden County,2020 - 50,Other
Camden County,2020 - 51,Other
Camden County,2020 - 52,Other
Camden County,2020 - 53,Other
Camden County,2021 - 01,Other
Camden County,2021 - 02,Other
Camden County,2021 - 03,Other
Camden County,2021 - 04,Other
Camden County,2021 - 05,Other
Camden County,2021 - 06,Other
Camden County,2021 - 07,Other
Camden County,2021 - 08,Other
Camden County,2021 - 09,Other
Camden County,2021 - 10,Other
Camden County,2021 - 11,Other
Camden County,2021 - 12,Other
Camden County,2021 - 13,Alpha
Camden County,2021 - 14,Alpha
Camden County,2021 - 15,Alpha
Camden County,2021 - 16,Alpha
Camden County,2021 - 17,Alpha
Camden County,2021 - 18,Alpha
Camden County,2021 - 19,Alpha
Camden County,2021 - 20,Alpha
Camden County,2021 - 21,Alpha
Camden County,2021 - 22,Alpha
Camden County,2021 - 23,Alpha
Camden County,2021 - 24,Alpha
Camden County,2021 - 25,Delta
Camden County,2021 - 26,Delta
Camden County,2021 - 27,Delta
Camden County,2021 - 28,Delta
Camden County,2021 - 29,Delta
Camden County,2021 - 30,Delta
Camden County,2021 - 31,Delta
Camden County,2021 - 32,Delta
Camden County,2021 - 33,Delta
Camden County,2021 - 34,Delta
Camden County,2021 - 35,Delta
Camden County,2021 - 36,Delta
Camden County,2021 - 37,Delta
Camden County,2021 - 38,Delta
Camden County,2021 - 39,Delta
Chester County,2020 - 07,Other
Chester County,2020 - 08,Other
Chester County,2020 - 09,Other
Chester County,2020 - 10,Other
Chester County,2020 - 11,Other
Chester County,2020 - 12,Other
Chester County,2020 - 13,Other
Chester County,2020 - 14,Other
Chester County,2020 - 15,Other
Chester County,2020 - 16,Other
Chester County,2020 - 17,Other
Chester County,2020 - 18,Other
Chester County,2020 - 19,Other
Chester County,2020 - 20,Other
Chester County,2020 - 21,Other
Chester County,2020 - 22,Other
Chester County,2020 - 23,Other
Chester County,2020 - 24,Other
Chester County,2020 - 25,Other
Chester County,2020 - 26,Other
Chester County,2020 - 27,Other
Chester County,2020 - 28,Other
Chester County,2020 - 29,Other
Chester County,2020 - 30,Other
Chester County,2020 - 31,Other
Chester County,2020 - 32,Other
Chester County,2020 - 33,Other
Chester County,2020 - 34,Other
Chester County,2020 - 35,Other
Chester County,2020 - 36,Other
Chester County,2020 - 37,Other
Chester County,2020 - 38,Other
Chester County,2020 - 39,Other
Chester County,2020 - 40,Other
Chester County,2020 - 41,Other
Chester County,2020 - 42,Other
Chester County,2020 - 43,Other
Chester County,2020 - 44,Other
Chester County,2020 - 45,Other
Chester County,2020 - 46,Other
Chester County,2020 - 47,Other
Chester County,2020 - 48,Other
Chester County,2020 - 49,Other
Chester County,2020 - 50,Other
Chester County,2020 - 51,Other
Chester County,2020 - 52,Other
Chester County,2020 - 53,Other
Chester County,2021 - 01,Other
Chester County,2021 - 02,Other
Chester County,2021 - 03,Other
Chester County,2021 - 04,Other
Chester County,2021 - 05,Other
Chester County,2021 - 06,Other
Chester County,2021 - 07,Other
Chester County,2021 - 08,Other
Chester County,2021 - 09,Other
Chester County,2021 - 10,Other
Chester County,2021 - 11,Other
Chester County,2021 - 12,Other
Chester County,2021 - 13,Alpha
Chester County,2021 - 14,Alpha
Chester County,2021 - 15,Alpha
Chester County,2021 - 16,Alpha
Chester County,2021 - 17,Alpha
Chester County,2021 - 18,Alpha
Chester County,2021 - 19,Alpha
Chester County,2021 - 20,Alpha
Chester County,2021 - 21,Alpha
Chester County,2021 - 22,Alpha
Chester County,2021 - 23,Alpha
Chester County,2021 - 24,Alpha
Chester County,2021 - 25,Delta
Chester County,2021 - 26,Delta
Chester County,2021 - 27,Delta
Chester County,2021 - 28,Delta
Chester County,2021 - 29,Delta
Chester County,2021 - 30,Delta
Chester County,2021 - 31,Delta
Chester County,2021 - 32,Delta
Chester County,2021 - 33,Delta
Chester County,2021 - 34,Delta
Chester County,2021 - 35,Delta
Chester County,2021 - 36,Delta
Chester County,2021 - 37,Delta
Chester County,2021 - 38,Delta
Chester County,2021 - 39,Delta
Delaware County,2020 - 07,Other
Delaware County,2020 - 08,Other
Delaware County,2020 - 09,Other
Delaware County,2020 - 10,Other
Delaware County,2020 - 11,Other
Delaware County,2020 - 12,Other
Delaware County,2020 - 13,Other
Delaware County,2020 - 14,Other
Delaware County,2020 - 15,Other
Delaware County,2020 - 16,Other
Delaware County,2020 - 17,Other
Delaware County,2020 - 18,Other
Delaware County,2020 - 19,Other
Delaware County,2020 - 20,Other
Delaware County,2020 - 21,Other
Delaware County,2020 - 22,Other
Delaware County,2020 - 23,Other
Delaware County,2020 - 24,Other
Delaware County,2020 - 25,Other
Delaware County,2020 - 26,Other
Delaware County,2020 - 27,Other
Delaware County,2020 - 28,Other
Delaware County,2020 - 29,Other
Delaware County,2020 - 30,Other
Delaware County,2020 - 31,Other
Delaware County,2020 - 32,Other
Delaware County,2020 - 33,Other
Delaware County,2020 - 34,Other
Delaware County,2020 - 35,Other
Delaware County,2020 - 36,Other
Delaware County,2020 - 37,Other
Delaware County,2020 - 38,Other
Delaware County,2020 - 39,Other
Delaware County,2020 - 40,Other
Delaware County,2020 - 41,Other
Delaware County,2020 - 42,Other
Delaware County,2020 - 43,Other
Delaware County,2020 - 44,Other
Delaware County,2020 - 45,Other
Delaware County,2020 - 46,Other
Delaware County,2020 - 47,Other
Delaware County,2020 - 48,Other
Delaware County,2020 - 49,Other
Delaware County,2020 - 50,Other
Delaware County,2020 - 51,Other
Delaware County,2020 - 52,Other
Delaware County,2020 - 53,Other
Delaware County,2021 - 01,Other
Delaware County,2021 - 02,Other
Delaware County,2021 - 03,Other
Delaware County,2021 - 04,Other
Delaware County,2021 - 05,Other
Delaware County,2021 - 06,Other
Delaware County,2021 - 07,Other
Delaware County,2021 - 08,Other
Delaware County,2021 - 09,Other
Delaware County,2021 - 10,Other
Delaware County,2021 - 11,Other
Delaware County,2021 - 12,Other
Delaware County,2021 - 13,Alpha
Delaware County,2021 - 14,Alpha
Delaware County,2021 - 15,Alpha
Delaware County,2021 - 16,Alpha
Delaware County,2021 - 17,Alpha
Delaware County,2021 - 18,Alpha
Delaware County,2021 - 19,Alpha
Delaware County,2021 - 20,Alpha
Delaware County,2021 - 21,Alpha
Delaware County,2021 - 22,Alpha
Delaware County,2021 - 23,Alpha
Delaware County,2021 - 24,Alpha
Delaware County,2021 - 25,Delta
Delaware County,2021 - 26,Delta
Delaware County,2021 - 27,Delta
Delaware County,2021 - 28,Delta
Delaware County,2021 - 29,Delta
Delaware County,2021 - 30,Delta
Delaware County,2021 - 31,Delta
Delaware County,2021 - 32,Delta
Delaware County,2021 - 33,Delta
Delaware County,2021 - 34,Delta
Delaware County,2021 - 35,Delta
Delaware County,2021 - 36,Delta
Delaware County,2021 - 37,Delta
Delaware County,2021 - 38,Delta
Delaware County,2021 - 39,Delta
Gloucester County,2020 - 07,Other
Gloucester County,2020 - 08,Other
Gloucester County,2020 - 09,Other
Gloucester County,2020 - 10,Other
Gloucester County,2020 - 11,Other
Gloucester County,2020 - 12,Other
Gloucester County,2020 - 13,Other
Gloucester County,2020 - 14,Other
Gloucester County,2020 - 15,Other
Gloucester County,2020 - 16,Other
Gloucester County,2020 - 17,Other
Gloucester County,2020 - 18,Other
Gloucester County,2020 - 19,Other
Gloucester County,2020 - 20,Other
Gloucester County,2020 - 21,Other
Gloucester County,2020 - 22,Other
Gloucester County,2020 - 23,Other
Gloucester County,2020 - 24,Other
Gloucester County,2020 - 25,Other
Gloucester County,2020 - 26,Other
Gloucester County,2020 - 27,Other
Gloucester County,2020 - 28,Other
Gloucester County,2020 - 29,Other
Gloucester County,2020 - 30,Other
Gloucester County,2020 - 31,Other
Gloucester County,2020 - 32,Other
Gloucester County,2020 - 33,Other
Gloucester County,2020 - 34,Other
Gloucester County,2020 - 35,Other
Gloucester County,2020 - 36,Other
Gloucester County,2020 - 37,Other
Gloucester County,2020 - 38,Other
Gloucester County,2020 - 39,Other
Gloucester County,2020 - 40,Other
Gloucester County,2020 - 41,Other
Gloucester County,2020 - 42,Other
Gloucester County,2020 - 43,Other
Gloucester County,2020 - 44,Other
Gloucester County,2020 - 45,Other
Gloucester County,2020 - 46,Other
Gloucester County,2020 - 47,Other
Gloucester County,2020 - 48,Other
Gloucester County,2020 - 49,Other
Gloucester County,2020 - 50,Other
Gloucester County,2020 - 51,Other
Gloucester County,2020 - 52,Other
Gloucester County,2020 - 53,Other
Gloucester County,2021 - 01,Other
Gloucester County,2021 - 02,Other
Gloucester County,2021 - 03,Other
Gloucester County,2021 - 04,Other
Gloucester County,2021 - 05,Other
Gloucester County,2021 - 06,Other
Gloucester County,2021 - 07,Other
Gloucester County,2021 - 08,Other
Gloucester County,2021 - 09,Other
Gloucester County,2021 - 10,Other
Gloucester County,2021 - 11,Other
Gloucester County,2021 - 12,Other
Gloucester County,2021 - 13,Alpha
Gloucester County,2021 - 14,Alpha
Gloucester County,2021 - 15,Alpha
Gloucester County,2021 - 16,Alpha
Gloucester County,2021 - 17,Alpha
Gloucester County,2021 - 18,Alpha
Gloucester County,2021 - 19,Alpha
Gloucester County,2021 - 20,Alpha
Gloucester County,2021 - 21,Alpha
Gloucester County,2021 - 22,Alpha
Gloucester County,2021 - 23,Alpha
Gloucester County,2021 - 24,Alpha
Gloucester County,2021 - 25,Delta
Gloucester County,2021 - 26,Delta
Gloucester County,2021 - 27,Delta
Gloucester County,2021 - 28,Delta
Gloucester County,2021 - 29,Delta
Gloucester County,2021 - 30,Delta
Gloucester County,2021 - 31,Delta
Gloucester County,2021 - 32,Delta
Gloucester County,2021 - 33,Delta
Gloucester County,2021 - 34,Delta
Gloucester County,2021 - 35,Delta
Gloucester County,2021 - 36,Delta
Gloucester County,2021 - 37,Delta
Gloucester County,2021 - 38,Delta
Gloucester County,2021 - 39,Delta
Mercer County,2020 - 07,Other
Mercer County,2020 - 08,Other
Mercer County,2020 - 09,Other
Mercer County,2020 - 10,Other
Mercer County,2020 - 11,Other
Mercer County,2020 - 12,Other
Mercer County,2020 - 13,Other
Mercer County,2020 - 14,Other
Mercer County,2020 - 15,Other
Mercer County,2020 - 16,Other
Mercer County,2020 - 17,Other
Mercer County,2020 - 18,Other
Mercer County,2020 - 19,Other
Mercer County,2020 - 20,Other
Mercer County,2020 - 21,Other
Mercer County,2020 - 22,Other
Mercer County,2020 - 23,Other
Mercer County,2020 - 24,Other
Mercer County,2020 - 25,Other
Mercer County,2020 - 26,Other
Mercer County,2020 - 27,Other
Mercer County,2020 - 28,Other
Mercer County,2020 - 29,Other
Mercer County,2020 - 30,Other
Mercer County,2020 - 31,Other
Mercer County,2020 - 32,Other
Mercer County,2020 - 33,Other
Mercer County,2020 - 34,Other
Mercer County,2020 - 35,Other
Mercer County,2020 - 36,Other
Mercer County,2020 - 37,Other
Mercer County,2020 - 38,Other
Mercer County,2020 - 39,Other
Mercer County,2020 - 40,Other
Mercer County,2020 - 41,Other
Mercer County,2020 - 42,Other
Mercer County,2020 - 43,Other
Mercer County,2020 - 44,Other
Mercer County,2020 - 45,Other
Mercer County,2020 - 46,Other
Mercer County,2020 - 47,Other
Mercer County,2020 - 48,Other
Mercer County,2020 - 49,Other
Mercer County,2020 - 50,Other
Mercer County,2020 - 51,Other
Mercer County,2020 - 52,Other
Mercer County,2020 - 53,Other
Mercer County,2021 - 01,Other
Mercer County,2021 - 02,Other
Mercer County,2021 - 03,Other
Mercer County,2021 - 04,Other
Mercer County,2021 - 05,Other
Mercer County,2021 - 06,Other
Mercer County,2021 - 07,Other
Mercer County,2021 - 08,Other
Mercer County,2021 - 09,Other
Mercer County,2021 - 10,Other
Mercer County,2021 - 11,Other
Mercer County,2021 - 12,Other
Mercer County,2021 - 13,Alpha
Mercer County,2021 - 14,Alpha
Mercer County,2021 - 15,Alpha
Mercer County,2021 - 16,Alpha
Mercer County,2021 - 17,Alpha
Mercer County,2021 - 18,Alpha
Mercer County,2021 - 19,Alpha
Mercer County,2021 - 20,Alpha
Mercer County,2021 - 21,Alpha
Mercer County,2021 - 22,Alpha
Mercer County,2021 - 23,Alpha
Mercer County,2021 - 24,Alpha
Mercer County,2021 - 25,Delta
Mercer County,2021 - 26,Delta
Mercer County,2021 - 27,Delta
Mercer County,2021 - 28,Delta
Mercer County,2021 - 29,Delta
Mercer County,2021 - 30,Delta
Mercer County,2021 - 31,Delta
Mercer County,2021 - 32,Delta
Mercer County,2021 - 33,Delta
Mercer County,2021 - 34,Delta
Mercer County,2021 - 35,Delta
Mercer County,2021 - 36,Delta
Mercer County,2021 - 37,Delta
Mercer County,2021 - 38,Delta
Mercer County,2021 - 39,Delta
Montgomery County,2020 - 07,Other
Montgomery County,2020 - 08,Other
Montgomery County,2020 - 09,Other
Montgomery County,2020 - 10,Other
Montgomery County,2020 - 11,Other
Montgomery County,2020 - 12,Other
Montgomery County,2020 - 13,Other
Montgomery County,2020 - 14,Other
Montgomery County,2020 - 15,Other
Montgomery County,2020 - 16,Other
Montgomery County,2020 - 17,Other
Montgomery County,2020 - 18,Other
Montgomery County,2020 - 19,Other
Montgomery County,2020 - 20,Other
Montgomery County,2020 - 21,Other
Montgomery County,2020 - 22,Other
Montgomery County,2020 - 23,Other
Montgomery County,2020 - 24,Other
Montgomery County,2020 - 25,Other
Montgomery County,2020 - 26,Other
Montgomery County,2020 - 27,Other
Montgomery County,2020 - 28,Other
Montgomery County,2020 - 29,Other
Montgomery County,2020 - 30,Other
Montgomery County,2020 - 31,Other
Montgomery County,2020 - 32,Other
Montgomery County,2020 - 33,Other
Montgomery County,2020 - 34,Other
Montgomery County,2020 - 35,Other
Montgomery County,2020 - 36,Other
Montgomery County,2020 - 37,Other
Montgomery County,2020 - 38,Other
Montgomery County,2020 - 39,Other
Montgomery County,2020 - 40,Other
Montgomery County,2020 - 41,Other
Montgomery County,2020 - 42,Other
Montgomery County,2020 - 43,Other
Montgomery County,2020 - 44,Other
Montgomery County,2020 - 45,Other
Montgomery County,2020 - 46,Other
Montgomery County,2020 - 47,Other
Montgomery County,2020 - 48,Other
Montgomery County,2020 - 49,Other
Montgomery County,2020 - 50,Other
Montgomery County,2020 - 51,Other
Montgomery County,2020 - 52,Other
Montgomery County,2020 - 53,Other
Montgomery County,2021 - 01,Other
Montgomery County,2021 - 02,Other
Montgomery County,2021 - 03,Other
Montgomery County,2021 - 04,Other
Montgomery County,2021 - 05,Other
Montgomery County,2021 - 06,Other
Montgomery County,2021 - 07,Other
Montgomery County,2021 - 08,Other
Montgomery County,2021 - 09,Other
Montgomery County,2021 - 10,Other
Montgomery County,2021 - 11,Other
Montgomery County,2021 - 12,Other
Montgomery County,2021 - 13,Alpha
Montgomery County,2021 - 14,Alpha
Montgomery County,2021 - 15,Alpha
Montgomery County,2021 - 16,Alpha
Montgomery County,2021 - 17,Alpha
Montgomery County,2021 - 18,Alpha
Montgomery County,2021 - 19,Alpha
Montgomery County,2021 - 20,Alpha
Montgomery County,2021 - 21,Alpha
Montgomery County,2021 - 22,Alpha
Montgomery County,2021 - 23,Alpha
Montgomery County,2021 - 24,Alpha
Montgomery County,2021 - 25,Delta
Montgomery County,2021 - 26,Delta
Montgomery County,2021 - 27,Delta
Montgomery County,2021 - 28,Delta
Montgomery County,2021 - 29,Delta
Montgomery County,2021 - 30,Delta
Montgomery County,2021 - 31,Delta
Montgomery County,2021 - 32,Delta
Montgomery County,2021 - 33,Delta
Montgomery County,2021 - 34,Delta
Montgomery County,2021 - 35,Delta
Montgomery County,2021 - 36,Delta
Montgomery County,2021 - 37,Delta
Montgomery County,2021 - 38,Delta
Montgomery County,2021 - 39,Delta
New Castle County,2020 - 07,Other
New Castle County,2020 - 08,Other
New Castle County,2020 - 09,Other
New Castle County,2020 - 10,Other
New Castle County,2020 - 11,Other
New Castle County,2020 - 12,Other
New Castle County,2020 - 13,Other
New Castle County,2020 - 14,Other
New Castle County,2020 - 15,Other
New Castle County,2020 - 16,Other
New Castle County,2020 - 17,Other
New Castle County,2020 - 18,Other
New Castle County,2020 - 19,Other
New Castle County,2020 - 20,Other
New Castle County,2020 - 21,Other
New Castle County,2020 - 22,Other
New Castle County,2020 - 23,Other
New Castle County,2020 - 24,Other
New Castle County,2020 - 25,Other
New Castle County,2020 - 26,Other
New Castle County,2020 - 27,Other
New Castle County,2020 - 28,Other
New Castle County,2020 - 29,Other
New Castle County,2020 - 30,Other
New Castle County,2020 - 31,Other
New Castle County,2020 - 32,Other
New Castle County,2020 - 33,Other
New Castle County,2020 - 34,Other
New Castle County,2020 - 35,Other
New Castle County,2020 - 36,Other
New Castle County,2020 - 37,Other
New Castle County,2020 - 38,Other
New Castle County,2020 - 39,Other
New Castle County,2020 - 40,Other
New Castle County,2020 - 41,Other
New Castle County,2020 - 42,Other
New Castle County,2020 - 43,Other
New Castle County,2020 - 44,Other
New Castle County,2020 - 45,Other
New Castle County,2020 - 46,Other
New Castle County,2020 - 47,Other
New Castle County,2020 - 48,Other
New Castle County,2020 - 49,Other
New Castle County,2020 - 50,Other
New Castle County,2020 - 51,Other
New Castle County,2020 - 52,Other
New Castle County,2020 - 53,Other
New Castle County,2021 - 01,Other
New Castle County,2021 - 02,Other
New Castle County,2021 - 03,Other
New Castle County,2021 - 04,Other
New Castle County,2021 - 05,Other
New Castle County,2021 - 06,Other
New Castle County,2021 - 07,Other
New Castle County,2021 - 08,Other
New Castle County,2021 - 09,Other
New Castle County,2021 - 10,Other
New Castle County,2021 - 11,Other
New Castle County,2021 - 12,Other
New Castle County,2021 - 13,Alpha
New Castle County,2021 - 14,Alpha
New Castle County,2021 - 15,Alpha
New Castle County,2021 - 16,Alpha
New Castle County,2021 - 17,Alpha
New Castle County,2021 - 18,Alpha
New Castle County,2021 - 19,Alpha
New Castle County,2021 - 20,Alpha
New Castle County,2021 - 21,Alpha
New Castle County,2021 - 22,Alpha
New Castle County,2021 - 23,Alpha
New Castle County,2021 - 24,Alpha
New Castle County,2021 - 25,Delta
New Castle County,2021 - 26,Delta
New Castle County,2021 - 27,Delta
New Castle County,2021 - 28,Delta
New Castle County,2021 - 29,Delta
New Castle County,2021 - 30,Delta
New Castle County,2021 - 31,Delta
New Castle County,2021 - 32,Delta
New Castle County,2021 - 33,Delta
New Castle County,2021 - 34,Delta
New Castle County,2021 - 35,Delta
New Castle County,2021 - 36,Delta
New Castle County,2021 - 37,Delta
New Castle County,2021 - 38,Delta
New Castle County,2021 - 39,Delta
Philadelphia County,2020 - 07,Other
Philadelphia County,2020 - 08,Other
Philadelphia County,2020 - 09,Other
Philadelphia County,2020 - 10,Other
Philadelphia County,2020 - 11,Other
Philadelphia County,2020 - 12,Other
Philadelphia County,2020 - 13,Other
Philadelphia County,2020 - 14,Other
Philadelphia County,2020 - 15,Other
Philadelphia County,2020 - 16,Other
Philadelphia County,2020 - 17,Other
Philadelphia County,2020 - 18,Other
Philadelphia County,2020 - 19,Other
Philadelphia County,2020 - 20,Other
Philadelphia County,2020 - 21,Other
Philadelphia County,2020 - 22,Other
Philadelphia County,2020 - 23,Other
Philadelphia County,2020 - 24,Other
Philadelphia County,2020 - 25,Other
Philadelphia County,2020 - 26,Other
Philadelphia County,2020 - 27,Other
Philadelphia County,2020 - 28,Other
Philadelphia County,2020 - 29,Other
Philadelphia County,2020 - 30,Other
Philadelphia County,2020 - 31,Other
Philadelphia County,2020 - 32,Other
Philadelphia County,2020 - 33,Other
Philadelphia County,2020 - 34,Other
Philadelphia County,2020 - 35,Other
Philadelphia County,2020 - 36,Other
Philadelphia County,2020 - 37,Other
Philadelphia County,2020 - 38,Other
Philadelphia County,2020 - 39,Other
Philadelphia County,2020 - 40,Other
Philadelphia County,2020 - 41,Other
Philadelphia County,2020 - 42,Other
Philadelphia County,2020 - 43,Other
Philadelphia County,2020 - 44,Other
Philadelphia County,2020 - 45,Other
Philadelphia County,2020 - 46,Other
Philadelphia County,2020 - 47,Other
Philadelphia County,2020 - 48,Other
Philadelphia County,2020 - 49,Other
Philadelphia County,2020 - 50,Other
Philadelphia County,2020 - 51,Other
Philadelphia County,2020 - 52,Other
Philadelphia County,2020 - 53,Other
Philadelphia County,2021 - 01,Other
Philadelphia County,2021 - 02,Other
Philadelphia County,2021 - 03,Other
Philadelphia County,2021 - 04,Other
Philadelphia County,2021 - 05,Other
Philadelphia County,2021 - 06,Other
Philadelphia County,2021 - 07,Other
Philadelphia County,2021 - 08,Other
Philadelphia County,2021 - 09,Other
Philadelphia County,2021 - 10,Other
Philadelphia County,2021 - 11,Other
Philadelphia County,2021 - 12,Other
Philadelphia County,2021 - 13,Alpha
Philadelphia County,2021 - 14,Alpha
Philadelphia County,2021 - 15,Alpha
Philadelphia County,2021 - 16,Alpha
Philadelphia County,2021 - 17,Alpha
Philadelphia County,2021 - 18,Alpha
Philadelphia County,2021 - 19,Alpha
Philadelphia County,2021 - 20,Alpha
Philadelphia County,2021 - 21,Alpha
Philadelphia County,2021 - 22,Alpha
Philadelphia County,2021 - 23,Alpha
Philadelphia County,2021 - 24,Alpha
Philadelphia County,2021 - 25,Delta
Philadelphia County,2021 - 26,Delta
Philadelphia County,2021 - 27,Delta
Philadelphia County,2021 - 28,Delta
Philadelphia County,2021 - 29,Delta
Philadelphia County,2021 - 30,Delta
Philadelphia County,2021 - 31,Delta
Philadelphia County,2021 - 32,Delta
Philadelphia County,2021 - 33,Delta
Philadelphia County,2021 - 34,Delta
Philadelphia County,2021 - 35,Delta
Philadelphia County,2021 - 36,Delta
Philadelphia County,2021 - 37,Delta
Philadelphia County,2021 - 38,Delta
Philadelphia County,2021 - 39,Delta
