"CRN","UNIT_NUM","MC_BAG_IND","MC_DVR_BOOTS_IND","MC_DVR_EDC_IND","MC_DVR_EYEPRT_IND","MC_DVR_HLMT_TYPE","MC_DVR_HLMTDOT_IND","MC_DVR_HLMTON_IND","MC_DVR_LNGPNTS_IND","MC_DVR_LNGSLV_IND","MC_ENGINE_SIZE","MC_PAS_BOOTS_IND","MC_PAS_EYEPRT_IND","MC_PAS_HLMT_TYPE","MC_PAS_HLMTDOT_IND","MC_PAS_HLMTON_IND","MC_PAS_LNGPNTS_IND","MC_PAS_LNGSLV_IND","MC_PASSNGR_IND","MC_TRAIL_IND","PC_HDLGHT_IND","PC_HLMT_IND","PC_PASSNGR_IND","PC_REAR_RFLTR_IND","CRASH_YEAR","COUNTY","COUNTY_YEAR","COUNTY_NAME","MUNICIPALITY"
"2018030757","2","","","","","","","","","","","","","","","","","","","","U","N","N","U","2018","67","CYCLE_2018_Philadelphia","Philadelphia","67301"
"2018035359","1","Y","Y","N","Y","1","U","Y","Y","Y","00500","","","","","","","","N","N","","","","","2018","67","CYCLE_2018_Philadelphia","Philadelphia","67301"
"2018042591","2","","","","","","","","","","","","","","","","","","","","U","U","N","U","2018","67","CYCLE_2018_Philadelphia","Philadelphia","67301"
"2018055371","2","","","","","","","","","","","","","","","","","","","","U","U","N","U","2018","67","CYCLE_2018_Philadelphia","Philadelphia","67301"
"2018072428","3","N","U","N","U","9","U","U","U","U","99999","","","","","","","","N","N","","","","","2018","67","CYCLE_2018_Philadelphia","Philadelphia","67301"
"2018072428","2","N","U","N","U","9","U","U","U","U","99999","","","","","","","","N","N","","","","","2018","67","CYCLE_2018_Philadelphia","Philadelphia","67301"
"2018066202","2","","","","","","","","","","","","","","","","","","","","U","N","N","U","2018","67","CYCLE_2018_Philadelphia","Philadelphia","67301"
"2018065739","2","","","","","","","","","","","","","","","","","","","","U","N","N","U","2018","67","CYCLE_2018_Philadelphia","Philadelphia","67301"
"2018080344","2","","","","","","","","","","","","","","","","","","","","U","N","N","U","2018","67","CYCLE_2018_Philadelphia","Philadelphia","67301"
"2018072410","1","U","U","U","U","9","U","U","U","U","99999","","","","","","","","N","N","","","","","2018","67","CYCLE_2018_Philadelphia","Philadelphia","67301"
"2018067969","1","Y","N","N","N","0","N","N","Y","N","00200","","","","","","","","N","N","","","","","2018","67","CYCLE_2018_Philadelphia","Philadelphia","67301"
"2018080360","2","","","","","","","","","","","","","","","","","","","","U","N","Y","U","2018","67","CYCLE_2018_Philadelphia","Philadelphia","67301"
"2018079976","1","N","N","N","N","1","Y","Y","Y","Y","00600","","","","","","","","N","N","","","","","2018","67","CYCLE_2018_Philadelphia","Philadelphia","67301"
"2018088468","1","","","","","","","","","","","","","","","","","","","","U","N","N","U","2018","67","CYCLE_2018_Philadelphia","Philadelphia","67301"
"2018130379","2","","","","","","","","","","","","","","","","","","","","U","N","N","U","2018","67","CYCLE_2018_Philadelphia","Philadelphia","67301"
"2018104110","2","","","","","","","","","","","","","","","","","","","","U","N","N","U","2018","67","CYCLE_2018_Philadelphia","Philadelphia","67301"
"2018093136","2","","","","","","","","","","","","","","","","","","","","N","N","N","N","2018","67","CYCLE_2018_Philadelphia","Philadelphia","67301"
"2018030074","2","","","","","","","","","","","","","","","","","","","","U","N","N","U","2018","67","CYCLE_2018_Philadelphia","Philadelphia","67301"
"2018047591","2","U","U","N","N","0","N","N","U","U","99999","","","","","","","","N","N","","","","","2018","67","CYCLE_2018_Philadelphia","Philadelphia","67301"
"2018093312","2","","","","","","","","","","","","","","","","","","","","N","N","N","U","2018","67","CYCLE_2018_Philadelphia","Philadelphia","67301"
"2018081083","1","","","","","","","","","","","","","","","","","","","","U","N","N","U","2018","67","CYCLE_2018_Philadelphia","Philadelphia","67301"
"2018035897","1","","","","","","","","","","","","","","","","","","","","U","N","N","U","2018","67","CYCLE_2018_Philadelphia","Philadelphia","67301"
"2018063905","2","","","","","","","","","","","","","","","","","","","","U","N","N","U","2018","67","CYCLE_2018_Philadelphia","Philadelphia","67301"
"2018064157","2","","","","","","","","","","","","","","","","","","","","N","U","Y","U","2018","67","CYCLE_2018_Philadelphia","Philadelphia","67301"
"2018053050","1","N","N","Y","N","0","U","U","Y","Y","99999","","","","","","","","N","N","","","","","2018","67","CYCLE_2018_Philadelphia","Philadelphia","67301"
"2018088505","2","","","","","","","","","","","","","","","","","","","","U","Y","N","U","2018","67","CYCLE_2018_Philadelphia","Philadelphia","67301"
"2018085231","2","","","","","","","","","","","","","","","","","","","","U","N","N","U","2018","67","CYCLE_2018_Philadelphia","Philadelphia","67301"
"2018099985","2","","","","","","","","","","","","","","","","","","","","N","N","N","N","2018","67","CYCLE_2018_Philadelphia","Philadelphia","67301"
"2018115195","1","U","U","U","N","0","N","N","U","U","99999","","","","","","","","N","N","","","","","2018","67","CYCLE_2018_Philadelphia","Philadelphia","67301"
"2018098500","1","U","U","U","Y","9","U","U","U","U","99999","","","","","","","","N","N","","","","","2018","67","CYCLE_2018_Philadelphia","Philadelphia","67301"
"2018106004","2","","","","","","","","","","","","","","","","","","","","U","U","N","U","2018","67","CYCLE_2018_Philadelphia","Philadelphia","67301"
"2018093029","2","","","","","","","","","","","","","","","","","","","","U","U","N","U","2018","67","CYCLE_2018_Philadelphia","Philadelphia","67301"
"2018084839","2","","","","","","","","","","","","","","","","","","","","Y","N","N","Y","2018","67","CYCLE_2018_Philadelphia","Philadelphia","67301"
"2019017149","2","","","","","","","","","","","","","","","","","","","","U","N","N","U","2018","67","CYCLE_2018_Philadelphia","Philadelphia","67301"
"2018047957","2","","","","","","","","","","","","","","","","","","","","U","N","N","U","2018","67","CYCLE_2018_Philadelphia","Philadelphia","67301"
"2018085458","2","","","","","","","","","","","","","","","","","","","","U","N","N","U","2018","67","CYCLE_2018_Philadelphia","Philadelphia","67301"
"2018049038","1","N","N","Y","Y","1","Y","Y","Y","Y","00500","","","","","","","","N","N","","","","","2018","67","CYCLE_2018_Philadelphia","Philadelphia","67301"
"2018065656","1","","","","","","","","","","","","","","","","","","","","U","U","N","U","2018","67","CYCLE_2018_Philadelphia","Philadelphia","67301"
"2018072517","1","U","U","Y","U","9","U","U","U","U","99999","","","","","","","","N","N","","","","","2018","67","CYCLE_2018_Philadelphia","Philadelphia","67301"
"2018093130","1","N","U","N","N","0","N","N","U","U","99999","U","N","0","N","N","U","U","Y","N","","","","","2018","67","CYCLE_2018_Philadelphia","Philadelphia","67301"
"2018085244","2","","","","","","","","","","","","","","","","","","","","U","N","N","U","2018","67","CYCLE_2018_Philadelphia","Philadelphia","67301"
"2018091650","2","","","","","","","","","","","","","","","","","","","","N","N","N","U","2018","67","CYCLE_2018_Philadelphia","Philadelphia","67301"
"2018098267","1","N","N","U","N","0","N","N","N","N","00450","","","","","","","","N","N","","","","","2018","67","CYCLE_2018_Philadelphia","Philadelphia","67301"
"2018090548","2","N","Y","Y","Y","1","Y","Y","Y","N","00600","","","","","","","","N","N","","","","","2018","67","CYCLE_2018_Philadelphia","Philadelphia","67301"
"2018095817","2","","","","","","","","","","","","","","","","","","","","U","N","N","U","2018","67","CYCLE_2018_Philadelphia","Philadelphia","67301"
"2018095309","1","N","U","U","N","9","U","U","U","U","99999","","","","","","","","N","N","","","","","2018","67","CYCLE_2018_Philadelphia","Philadelphia","67301"
"2018055430","1","U","U","N","N","9","U","U","U","U","99999","","","","","","","","N","N","","","","","2018","67","CYCLE_2018_Philadelphia","Philadelphia","67301"
"2018040672","1","U","U","Y","U","9","U","U","U","U","99999","","","","","","","","N","N","","","","","2018","67","CYCLE_2018_Philadelphia","Philadelphia","67301"
"2018044356","1","N","U","Y","Y","1","U","N","Y","Y","01000","","","","","","","","N","N","","","","","2018","67","CYCLE_2018_Philadelphia","Philadelphia","67301"
"2018030774","2","","","","","","","","","","","","","","","","","","","","U","N","N","U","2018","67","CYCLE_2018_Philadelphia","Philadelphia","67301"
"2018085453","1","U","U","U","U","9","U","U","U","U","99999","","","","","","","","N","N","","","","","2018","67","CYCLE_2018_Philadelphia","Philadelphia","67301"
"2018032278","2","","","","","","","","","","","","","","","","","","","","U","Y","N","U","2018","67","CYCLE_2018_Philadelphia","Philadelphia","67301"
"2018081058","1","U","U","U","U","0","N","N","Y","U","00600","","","","","","","","N","U","","","","","2018","67","CYCLE_2018_Philadelphia","Philadelphia","67301"
"2018063945","2","","","","","","","","","","","","","","","","","","","","U","N","N","U","2018","67","CYCLE_2018_Philadelphia","Philadelphia","67301"
"2018065763","1","","","","","","","","","","","","","","","","","","","","U","N","N","U","2018","67","CYCLE_2018_Philadelphia","Philadelphia","67301"
"2018065728","2","U","U","N","N","0","N","N","U","U","99999","","","","","","","","N","N","","","","","2018","67","CYCLE_2018_Philadelphia","Philadelphia","67301"
"2018077455","2","U","U","N","U","3","U","Y","Y","Y","99999","","","","","","","","N","N","","","","","2018","67","CYCLE_2018_Philadelphia","Philadelphia","67301"
"2018131738","1","N","U","U","N","0","N","N","Y","N","01340","U","N","0","N","N","Y","Y","Y","N","","","","","2018","67","CYCLE_2018_Philadelphia","Philadelphia","67301"
"2018123486","2","","","","","","","","","","","","","","","","","","","","U","N","N","U","2018","67","CYCLE_2018_Philadelphia","Philadelphia","67301"
"2018098548","2","Y","Y","U","Y","1","U","Y","Y","Y","01200","","","","","","","","N","N","","","","","2018","67","CYCLE_2018_Philadelphia","Philadelphia","67301"
"2018093089","2","","","","","","","","","","","","","","","","","","","","U","U","N","U","2018","67","CYCLE_2018_Philadelphia","Philadelphia","67301"
"2018030866","2","","","","","","","","","","","","","","","","","","","","U","Y","N","U","2018","67","CYCLE_2018_Philadelphia","Philadelphia","67301"
"2018042556","2","N","U","U","Y","0","N","N","U","U","99999","","","","","","","","N","N","","","","","2018","67","CYCLE_2018_Philadelphia","Philadelphia","67301"
"2018085842","2","","","","","","","","","","","","","","","","","","","","U","N","N","U","2018","67","CYCLE_2018_Philadelphia","Philadelphia","67301"
"2018085787","1","N","U","N","N","0","N","N","U","U","99999","","","","","","","","N","N","","","","","2018","67","CYCLE_2018_Philadelphia","Philadelphia","67301"
"2018087076","1","N","U","N","U","9","U","U","U","U","99999","","","","","","","","N","N","","","","","2018","67","CYCLE_2018_Philadelphia","Philadelphia","67301"
"2018043455","1","U","U","N","N","0","N","N","U","U","99999","","","","","","","","N","N","","","","","2018","67","CYCLE_2018_Philadelphia","Philadelphia","67301"
"2018032181","1","U","U","N","N","0","N","N","U","U","99999","","","","","","","","N","N","","","","","2018","67","CYCLE_2018_Philadelphia","Philadelphia","67301"
"2018053977","1","","","","","","","","","","","","","","","","","","","","U","Y","N","U","2018","67","CYCLE_2018_Philadelphia","Philadelphia","67301"
"2018066832","1","","","","","","","","","","","","","","","","","","","","U","N","N","U","2018","67","CYCLE_2018_Philadelphia","Philadelphia","67301"
"2018057580","2","","","","","","","","","","","","","","","","","","","","U","U","N","U","2018","67","CYCLE_2018_Philadelphia","Philadelphia","67301"
"2018057556","2","U","U","Y","N","0","N","N","U","U","99999","","","","","","","","N","N","","","","","2018","67","CYCLE_2018_Philadelphia","Philadelphia","67301"
"2018067473","2","","","","","","","","","","","","","","","","","","","","U","N","N","U","2018","67","CYCLE_2018_Philadelphia","Philadelphia","67301"
"2018087066","2","U","U","U","U","9","U","U","U","U","99999","","","","","","","","N","N","","","","","2018","67","CYCLE_2018_Philadelphia","Philadelphia","67301"
"2018094172","2","","","","","","","","","","","","","","","","","","","","U","N","N","U","2018","67","CYCLE_2018_Philadelphia","Philadelphia","67301"
"2018116351","2","","","","","","","","","","","","","","","","","","","","U","U","N","U","2018","67","CYCLE_2018_Philadelphia","Philadelphia","67301"
"2018091000","1","","","","","","","","","","","","","","","","","","","","U","N","N","U","2018","67","CYCLE_2018_Philadelphia","Philadelphia","67301"
"2018123534","2","","","","","","","","","","","","","","","","","","","","U","U","N","U","2018","67","CYCLE_2018_Philadelphia","Philadelphia","67301"
"2019017202","1","N","U","N","N","0","N","N","U","U","99999","","","","","","","","N","N","","","","","2018","67","CYCLE_2018_Philadelphia","Philadelphia","67301"
"2018028843","2","","","","","","","","","","","","","","","","","","","","U","N","N","U","2018","67","CYCLE_2018_Philadelphia","Philadelphia","67301"
"2018043904","2","","","","","","","","","","","","","","","","","","","","U","U","N","U","2018","67","CYCLE_2018_Philadelphia","Philadelphia","67301"
"2018085348","2","","","","","","","","","","","","","","","","","","","","U","N","N","U","2018","67","CYCLE_2018_Philadelphia","Philadelphia","67301"
"2018097180","2","U","U","U","N","0","N","N","U","U","99999","","","","","","","","N","N","","","","","2018","67","CYCLE_2018_Philadelphia","Philadelphia","67301"
"2018058135","2","","","","","","","","","","","","","","","","","","","","U","N","N","U","2018","67","CYCLE_2018_Philadelphia","Philadelphia","67301"
"2018082697","1","Y","Y","U","U","0","N","N","Y","Y","99999","Y","U","0","N","N","Y","Y","Y","N","","","","","2018","67","CYCLE_2018_Philadelphia","Philadelphia","67301"
"2018076818","1","N","N","U","N","0","N","N","Y","Y","00050","","","","","","","","N","N","","","","","2018","67","CYCLE_2018_Philadelphia","Philadelphia","67301"
"2018076822","2","","","","","","","","","","","","","","","","","","","","U","U","N","U","2018","67","CYCLE_2018_Philadelphia","Philadelphia","67301"
"2018063937","2","U","U","Y","U","9","U","U","U","U","99999","","","","","","","","N","N","","","","","2018","67","CYCLE_2018_Philadelphia","Philadelphia","67301"
"2018082329","1","N","U","N","N","0","N","N","U","U","99999","","","","","","","","N","N","","","","","2018","67","CYCLE_2018_Philadelphia","Philadelphia","67301"
"2018090952","2","","","","","","","","","","","","","","","","","","","","U","N","N","U","2018","67","CYCLE_2018_Philadelphia","Philadelphia","67301"
"2018107943","2","U","U","N","N","9","U","U","U","U","99999","","","","","","","","N","N","","","","","2018","67","CYCLE_2018_Philadelphia","Philadelphia","67301"
"2018093030","2","","","","","","","","","","","","","","","","","","","","U","N","N","U","2018","67","CYCLE_2018_Philadelphia","Philadelphia","67301"
"2019018472","1","N","U","N","U","9","U","U","U","U","99999","","","","","","","","N","N","","","","","2018","67","CYCLE_2018_Philadelphia","Philadelphia","67301"
"2019017177","2","U","U","U","N","9","U","U","U","U","99999","","","","","","","","N","N","","","","","2018","67","CYCLE_2018_Philadelphia","Philadelphia","67301"
"2018085428","1","N","U","N","N","0","N","N","U","U","99999","","","","","","","","N","N","","","","","2018","67","CYCLE_2018_Philadelphia","Philadelphia","67301"
"2018093087","2","U","U","N","U","9","U","U","U","U","99999","","","","","","","","N","N","","","","","2018","67","CYCLE_2018_Philadelphia","Philadelphia","67301"
"2018084768","1","U","U","N","U","9","U","U","U","U","99999","","","","","","","","N","U","","","","","2018","67","CYCLE_2018_Philadelphia","Philadelphia","67301"
"2018090001","1","N","Y","N","Y","1","Y","Y","Y","Y","00600","","","","","","","","N","N","","","","","2018","67","CYCLE_2018_Philadelphia","Philadelphia","67301"
"2018063952","1","N","U","N","U","0","N","N","U","U","99999","","","","","","","","N","N","","","","","2018","67","CYCLE_2018_Philadelphia","Philadelphia","67301"
"2018057572","1","","","","","","","","","","","","","","","","","","","","U","N","N","U","2018","67","CYCLE_2018_Philadelphia","Philadelphia","67301"
"2018057555","2","U","U","N","U","9","U","U","U","U","99999","","","","","","","","N","N","","","","","2018","67","CYCLE_2018_Philadelphia","Philadelphia","67301"
"2018087578","2","","","","","","","","","","","","","","","","","","","","U","N","N","U","2018","67","CYCLE_2018_Philadelphia","Philadelphia","67301"
"2018088488","2","","","","","","","","","","","","","","","","","","","","U","U","N","U","2018","67","CYCLE_2018_Philadelphia","Philadelphia","67301"
"2018095322","2","","","","","","","","","","","","","","","","","","","","U","N","N","U","2018","67","CYCLE_2018_Philadelphia","Philadelphia","67301"
"2018085245","2","","","","","","","","","","","","","","","","","","","","U","N","N","U","2018","67","CYCLE_2018_Philadelphia","Philadelphia","67301"
"2018115136","2","","","","","","","","","","","","","","","","","","","","U","N","N","U","2018","67","CYCLE_2018_Philadelphia","Philadelphia","67301"
"2018093126","1","U","U","U","U","9","U","U","U","U","99999","","","","","","","","N","N","","","","","2018","67","CYCLE_2018_Philadelphia","Philadelphia","67301"
"2018058193","2","U","U","N","N","9","U","U","U","U","99999","","","","","","","","N","N","","","","","2018","67","CYCLE_2018_Philadelphia","Philadelphia","67301"
"2018072393","2","","","","","","","","","","","","","","","","","","","","U","N","N","U","2018","67","CYCLE_2018_Philadelphia","Philadelphia","67301"
"2018058180","2","","","","","","","","","","","","","","","","","","","","U","Y","N","U","2018","67","CYCLE_2018_Philadelphia","Philadelphia","67301"
"2018076193","1","N","N","N","Y","1","Y","U","Y","N","00599","","","","","","","","N","N","","","","","2018","67","CYCLE_2018_Philadelphia","Philadelphia","67301"
"2018071760","1","N","Y","N","Y","3","Y","Y","Y","Y","00999","","","","","","","","N","N","","","","","2018","67","CYCLE_2018_Philadelphia","Philadelphia","67301"
"2018077464","1","","","","","","","","","","","","","","","","","","","","U","N","N","U","2018","67","CYCLE_2018_Philadelphia","Philadelphia","67301"
"2018063934","2","","","","","","","","","","","","","","","","","","","","U","U","N","U","2018","67","CYCLE_2018_Philadelphia","Philadelphia","67301"
"2018087556","2","","","","","","","","","","","","","","","","","","","","U","N","N","U","2018","67","CYCLE_2018_Philadelphia","Philadelphia","67301"
"2018095875","2","U","U","U","N","9","U","U","U","U","99999","","","","","","","","N","N","","","","","2018","67","CYCLE_2018_Philadelphia","Philadelphia","67301"
"2018095790","1","","","","","","","","","","","","","","","","","","","","N","N","N","U","2018","67","CYCLE_2018_Philadelphia","Philadelphia","67301"
"2018104139","2","","","","","","","","","","","","","","","","","","","","U","N","N","U","2018","67","CYCLE_2018_Philadelphia","Philadelphia","67301"
"2018115171","1","U","U","U","N","9","U","U","U","U","99999","","","","","","","","N","N","","","","","2018","67","CYCLE_2018_Philadelphia","Philadelphia","67301"
"2018130852","1","","","","","","","","","","","","","","","","","","","","U","N","N","U","2018","67","CYCLE_2018_Philadelphia","Philadelphia","67301"
"2018097184","2","","","","","","","","","","","","","","","","","","","","U","N","N","U","2018","67","CYCLE_2018_Philadelphia","Philadelphia","67301"
"2018112255","1","","","","","","","","","","","","","","","","","","","","U","U","N","U","2018","67","CYCLE_2018_Philadelphia","Philadelphia","67301"
"2018115575","2","","","","","","","","","","","","","","","","","","","","U","U","N","U","2018","67","CYCLE_2018_Philadelphia","Philadelphia","67301"
"2018123533","2","U","U","U","U","9","U","U","U","U","99999","","","","","","","","N","N","","","","","2018","67","CYCLE_2018_Philadelphia","Philadelphia","67301"
"2018110833","1","U","U","U","N","0","N","N","U","U","99999","","","","","","","","N","N","","","","","2018","67","CYCLE_2018_Philadelphia","Philadelphia","67301"
"2018107966","1","N","U","N","Y","9","U","U","U","U","99999","","","","","","","","N","U","","","","","2018","67","CYCLE_2018_Philadelphia","Philadelphia","67301"
"2018018321","1","N","Y","U","Y","1","Y","Y","Y","Y","00600","","","","","","","","N","N","","","","","2018","67","CYCLE_2018_Philadelphia","Philadelphia","67301"
"2018071720","1","N","U","U","Y","1","U","Y","Y","Y","01000","","","","","","","","N","N","","","","","2018","67","CYCLE_2018_Philadelphia","Philadelphia","67301"
"2018085837","2","","","","","","","","","","","","","","","","","","","","U","U","N","U","2018","67","CYCLE_2018_Philadelphia","Philadelphia","67301"
"2018068649","1","Y","Y","N","Y","2","N","Y","Y","N","01100","","","","","","","","N","N","","","","","2018","67","CYCLE_2018_Philadelphia","Philadelphia","67301"
"2018065789","2","N","U","N","N","0","N","N","U","U","99999","","","","","","","","N","N","","","","","2018","67","CYCLE_2018_Philadelphia","Philadelphia","67301"
"2018085173","1","","","","","","","","","","","","","","","","","","","","U","N","N","U","2018","67","CYCLE_2018_Philadelphia","Philadelphia","67301"
"2018085219","1","U","U","N","N","0","N","N","U","U","99999","","","","","","","","N","N","","","","","2018","67","CYCLE_2018_Philadelphia","Philadelphia","67301"
"2018087621","1","N","U","N","N","0","N","N","U","U","99999","","","","","","","","N","N","","","","","2018","67","CYCLE_2018_Philadelphia","Philadelphia","67301"
"2018109307","1","","","","","","","","","","","","","","","","","","","","U","U","N","U","2018","67","CYCLE_2018_Philadelphia","Philadelphia","67301"
"2018096166","1","","","","","","","","","","","","","","","","","","","","N","N","N","Y","2018","67","CYCLE_2018_Philadelphia","Philadelphia","67301"
"2018115160","2","","","","","","","","","","","","","","","","","","","","U","N","N","U","2018","67","CYCLE_2018_Philadelphia","Philadelphia","67301"
"2018090962","2","","","","","","","","","","","","","","","","","","","","N","N","N","N","2018","67","CYCLE_2018_Philadelphia","Philadelphia","67301"
"2018093075","2","","","","","","","","","","","","","","","","","","","","N","N","N","N","2018","67","CYCLE_2018_Philadelphia","Philadelphia","67301"
"2018115139","1","N","U","N","U","9","U","U","U","U","99999","","","","","","","","N","N","","","","","2018","67","CYCLE_2018_Philadelphia","Philadelphia","67301"
"2018032212","1","U","U","Y","U","9","U","U","U","U","99999","","","","","","","","N","N","","","","","2018","67","CYCLE_2018_Philadelphia","Philadelphia","67301"
"2018081175","2","","","","","","","","","","","","","","","","","","","","U","N","N","U","2018","67","CYCLE_2018_Philadelphia","Philadelphia","67301"
"2018055369","1","U","U","N","N","0","N","N","U","U","99999","","","","","","","","N","N","","","","","2018","67","CYCLE_2018_Philadelphia","Philadelphia","67301"
"2018054012","2","U","U","Y","U","9","U","U","U","U","99999","U","U","9","U","U","U","U","Y","N","","","","","2018","67","CYCLE_2018_Philadelphia","Philadelphia","67301"
"2018081092","2","","","","","","","","","","","","","","","","","","","","U","N","N","U","2018","67","CYCLE_2018_Philadelphia","Philadelphia","67301"
"2018078309","2","","","","","","","","","","","","","","","","","","","","U","U","N","U","2018","67","CYCLE_2018_Philadelphia","Philadelphia","67301"
"2018076903","2","","","","","","","","","","","","","","","","","","","","U","N","N","U","2018","67","CYCLE_2018_Philadelphia","Philadelphia","67301"
"2018058600","2","","","","","","","","","","","","","","","","","","","","N","N","N","N","2018","67","CYCLE_2018_Philadelphia","Philadelphia","67301"
"2018115194","2","","","","","","","","","","","","","","","","","","","","U","N","N","U","2018","67","CYCLE_2018_Philadelphia","Philadelphia","67301"
"2018088811","2","","","","","","","","","","","","","","","","","","","","U","N","N","U","2018","67","CYCLE_2018_Philadelphia","Philadelphia","67301"
"2018105526","1","","","","","","","","","","","","","","","","","","","","N","N","N","N","2018","67","CYCLE_2018_Philadelphia","Philadelphia","67301"
"2018101101","2","","","","","","","","","","","","","","","","","","","","U","Y","N","U","2018","67","CYCLE_2018_Philadelphia","Philadelphia","67301"
"2018093099","1","U","U","U","N","0","N","N","U","U","99999","","","","","","","","N","N","","","","","2018","67","CYCLE_2018_Philadelphia","Philadelphia","67301"
"2018095941","2","","","","","","","","","","","","","","","","","","","","U","N","Y","U","2018","67","CYCLE_2018_Philadelphia","Philadelphia","67301"
"2018104098","2","","","","","","","","","","","","","","","","","","","","U","N","N","U","2018","67","CYCLE_2018_Philadelphia","Philadelphia","67301"
"2019079756","1","N","U","N","U","9","U","U","U","U","99999","U","U","9","U","U","U","U","Y","N","","","","","2018","67","CYCLE_2018_Philadelphia","Philadelphia","67301"
"2018030011","1","","","","","","","","","","","","","","","","","","","","U","N","N","U","2018","67","CYCLE_2018_Philadelphia","Philadelphia","67301"
"2018030334","2","","","","","","","","","","","","","","","","","","","","U","Y","N","U","2018","67","CYCLE_2018_Philadelphia","Philadelphia","67301"
"2018067710","1","N","N","N","Y","1","Y","N","Y","N","00610","","","","","","","","N","N","","","","","2018","67","CYCLE_2018_Philadelphia","Philadelphia","67301"
"2018077488","2","","","","","","","","","","","","","","","","","","","","U","Y","N","U","2018","67","CYCLE_2018_Philadelphia","Philadelphia","67301"
"2018078322","2","","","","","","","","","","","","","","","","","","","","U","Y","N","U","2018","67","CYCLE_2018_Philadelphia","Philadelphia","67301"
"2018076400","1","N","Y","Y","Y","1","Y","Y","Y","Y","01000","","","","","","","","N","N","","","","","2018","67","CYCLE_2018_Philadelphia","Philadelphia","67301"
"2018058151","1","U","U","N","Y","0","N","N","U","U","99999","","","","","","","","N","N","","","","","2018","67","CYCLE_2018_Philadelphia","Philadelphia","67301"
"2018059100","2","U","U","N","N","9","U","U","U","U","99999","U","N","9","U","U","U","U","Y","N","","","","","2018","67","CYCLE_2018_Philadelphia","Philadelphia","67301"
"2018065740","2","","","","","","","","","","","","","","","","","","","","U","N","N","U","2018","67","CYCLE_2018_Philadelphia","Philadelphia","67301"
"2018072467","2","","","","","","","","","","","","","","","","","","","","U","N","N","U","2018","67","CYCLE_2018_Philadelphia","Philadelphia","67301"
"2018098819","1","N","U","N","N","0","N","N","U","U","99999","","","","","","","","N","N","","","","","2018","67","CYCLE_2018_Philadelphia","Philadelphia","67301"
"2018089343","1","N","U","N","N","0","Y","N","N","N","01500","","","","","","","","N","N","","","","","2018","67","CYCLE_2018_Philadelphia","Philadelphia","67301"
"2018133449","2","","","","","","","","","","","","","","","","","","","","U","U","N","U","2018","67","CYCLE_2018_Philadelphia","Philadelphia","67301"
"2018121998","2","","","","","","","","","","","","","","","","","","","","N","N","N","Y","2018","67","CYCLE_2018_Philadelphia","Philadelphia","67301"
"2018112259","2","","","","","","","","","","","","","","","","","","","","U","Y","N","U","2018","67","CYCLE_2018_Philadelphia","Philadelphia","67301"
"2018110836","1","U","U","U","N","9","U","U","U","U","99999","","","","","","","","N","N","","","","","2018","67","CYCLE_2018_Philadelphia","Philadelphia","67301"
"2019019008","1","N","U","N","N","0","N","N","U","U","99999","","","","","","","","N","N","","","","","2018","67","CYCLE_2018_Philadelphia","Philadelphia","67301"
"2018026897","2","","","","","","","","","","","","","","","","","","","","U","Y","N","U","2018","67","CYCLE_2018_Philadelphia","Philadelphia","67301"
"2018042598","2","","","","","","","","","","","","","","","","","","","","U","U","N","U","2018","67","CYCLE_2018_Philadelphia","Philadelphia","67301"
"2018030658","2","U","U","Y","U","9","U","U","U","U","99999","","","","","","","","N","N","","","","","2018","67","CYCLE_2018_Philadelphia","Philadelphia","67301"
"2018082701","2","U","U","N","Y","9","U","U","U","U","99999","","","","","","","","N","N","","","","","2018","67","CYCLE_2018_Philadelphia","Philadelphia","67301"
"2018054043","2","","","","","","","","","","","","","","","","","","","","U","U","N","U","2018","67","CYCLE_2018_Philadelphia","Philadelphia","67301"
"2018063992","1","","","","","","","","","","","","","","","","","","","","U","U","N","U","2018","67","CYCLE_2018_Philadelphia","Philadelphia","67301"
"2018066478","1","N","Y","N","Y","1","Y","Y","Y","Y","01000","","","","","","","","N","N","","","","","2018","67","CYCLE_2018_Philadelphia","Philadelphia","67301"
"2018076599","1","","","","","","","","","","","","","","","","","","","","N","N","N","N","2018","67","CYCLE_2018_Philadelphia","Philadelphia","67301"
"2018059116","2","","","","","","","","","","","","","","","","","","","","U","N","N","U","2018","67","CYCLE_2018_Philadelphia","Philadelphia","67301"
"2018090982","1","N","U","N","N","0","N","N","U","U","99999","","","","","","","","N","N","","","","","2018","67","CYCLE_2018_Philadelphia","Philadelphia","67301"
"2018087579","2","","","","","","","","","","","","","","","","","","","","U","U","N","U","2018","67","CYCLE_2018_Philadelphia","Philadelphia","67301"
"2018115138","2","","","","","","","","","","","","","","","","","","","","U","U","N","U","2018","67","CYCLE_2018_Philadelphia","Philadelphia","67301"
"2019054116","1","U","U","U","Y","9","U","U","U","U","99999","","","","","","","","N","N","","","","","2018","67","CYCLE_2018_Philadelphia","Philadelphia","67301"
"2018047593","2","","","","","","","","","","","","","","","","","","","","U","N","N","U","2018","67","CYCLE_2018_Philadelphia","Philadelphia","67301"
"2018047580","2","","","","","","","","","","","","","","","","","","","","U","N","N","U","2018","67","CYCLE_2018_Philadelphia","Philadelphia","67301"
"2018085322","2","","","","","","","","","","","","","","","","","","","","U","N","N","U","2018","67","CYCLE_2018_Philadelphia","Philadelphia","67301"
"2018053982","1","U","U","U","U","9","U","U","U","U","99999","","","","","","","","N","N","","","","","2018","67","CYCLE_2018_Philadelphia","Philadelphia","67301"
"2018057576","2","U","U","Y","N","0","N","N","U","U","99999","","","","","","","","N","N","","","","","2018","67","CYCLE_2018_Philadelphia","Philadelphia","67301"
"2018080286","1","Y","Y","Y","N","3","N","N","N","N","01573","","","","","","","","N","N","","","","","2018","67","CYCLE_2018_Philadelphia","Philadelphia","67301"
"2018088427","2","","","","","","","","","","","","","","","","","","","","U","N","N","U","2018","67","CYCLE_2018_Philadelphia","Philadelphia","67301"
"2018097137","1","N","Y","U","Y","1","Y","Y","Y","Y","00636","","","","","","","","N","N","","","","","2018","67","CYCLE_2018_Philadelphia","Philadelphia","67301"
"2018105537","1","","","","","","","","","","","","","","","","","","","","U","N","N","U","2018","67","CYCLE_2018_Philadelphia","Philadelphia","67301"
"2018095932","2","U","U","N","N","0","N","N","U","U","99999","","","","","","","","N","N","","","","","2018","67","CYCLE_2018_Philadelphia","Philadelphia","67301"
"2018098456","2","","","","","","","","","","","","","","","","","","","","U","N","N","U","2018","67","CYCLE_2018_Philadelphia","Philadelphia","67301"
"2018101097","1","","","","","","","","","","","","","","","","","","","","U","N","N","U","2018","67","CYCLE_2018_Philadelphia","Philadelphia","67301"
"2018123519","1","N","Y","U","Y","9","U","U","Y","Y","06000","U","Y","9","U","U","Y","Y","Y","N","","","","","2018","67","CYCLE_2018_Philadelphia","Philadelphia","67301"
"2018125656","2","","","","","","","","","","","","","","","","","","","","U","N","N","U","2018","67","CYCLE_2018_Philadelphia","Philadelphia","67301"
"2018095354","1","U","U","U","N","0","N","N","U","U","99999","","","","","","","","N","N","","","","","2018","67","CYCLE_2018_Philadelphia","Philadelphia","67301"
"2018097177","1","U","U","U","U","0","N","N","U","U","99999","","","","","","","","N","N","","","","","2018","67","CYCLE_2018_Philadelphia","Philadelphia","67301"
"2018101609","1","U","U","N","U","9","U","U","U","U","99999","","","","","","","","N","U","","","","","2018","67","CYCLE_2018_Philadelphia","Philadelphia","67301"
"2018037647","2","","","","","","","","","","","","","","","","","","","","N","N","N","U","2018","67","CYCLE_2018_Philadelphia","Philadelphia","67301"
"2018054007","2","","","","","","","","","","","","","","","","","","","","U","N","N","U","2018","67","CYCLE_2018_Philadelphia","Philadelphia","67301"
"2018054242","2","U","U","N","N","0","N","N","U","U","99999","","","","","","","","N","N","","","","","2018","67","CYCLE_2018_Philadelphia","Philadelphia","67301"
"2018076832","2","","","","","","","","","","","","","","","","","","","","U","Y","N","U","2018","67","CYCLE_2018_Philadelphia","Philadelphia","67301"
"2018076914","1","N","U","N","N","0","N","N","U","U","99999","","","","","","","","N","N","","","","","2018","67","CYCLE_2018_Philadelphia","Philadelphia","67301"
"2018063869","1","U","U","U","N","0","N","N","U","U","99999","","","","","","","","N","N","","","","","2018","67","CYCLE_2018_Philadelphia","Philadelphia","67301"
"2018059123","2","","","","","","","","","","","","","","","","","","","","U","Y","N","U","2018","67","CYCLE_2018_Philadelphia","Philadelphia","67301"
"2018085225","2","","","","","","","","","","","","","","","","","","","","U","N","N","U","2018","67","CYCLE_2018_Philadelphia","Philadelphia","67301"
"2018087590","2","","","","","","","","","","","","","","","","","","","","U","Y","N","U","2018","67","CYCLE_2018_Philadelphia","Philadelphia","67301"
"2018088044","1","U","U","N","N","0","N","N","U","U","99999","","","","","","","","N","N","","","","","2018","67","CYCLE_2018_Philadelphia","Philadelphia","67301"
"2018122117","2","","","","","","","","","","","","","","","","","","","","U","N","N","U","2018","67","CYCLE_2018_Philadelphia","Philadelphia","67301"
"2018107901","2","","","","","","","","","","","","","","","","","","","","U","Y","N","U","2018","67","CYCLE_2018_Philadelphia","Philadelphia","67301"
"2018097172","1","U","U","U","N","0","N","N","U","U","99999","","","","","","","","N","N","","","","","2018","67","CYCLE_2018_Philadelphia","Philadelphia","67301"
"2018130350","2","","","","","","","","","","","","","","","","","","","","U","U","N","U","2018","67","CYCLE_2018_Philadelphia","Philadelphia","67301"
"2018098430","2","","","","","","","","","","","","","","","","","","","","U","N","N","U","2018","67","CYCLE_2018_Philadelphia","Philadelphia","67301"
"2018117324","2","","","","","","","","","","","","","","","","","","","","U","Y","N","U","2018","67","CYCLE_2018_Philadelphia","Philadelphia","67301"
"2019000718","1","","","","","","","","","","","","","","","","","","","","U","Y","N","Y","2018","67","CYCLE_2018_Philadelphia","Philadelphia","67301"
"2019017095","2","","","","","","","","","","","","","","","","","","","","U","N","N","U","2018","67","CYCLE_2018_Philadelphia","Philadelphia","67301"
"2018085324","2","","","","","","","","","","","","","","","","","","","","U","U","N","U","2018","67","CYCLE_2018_Philadelphia","Philadelphia","67301"
"2018054088","1","","","","","","","","","","","","","","","","","","","","U","N","N","U","2018","67","CYCLE_2018_Philadelphia","Philadelphia","67301"
"2018058141","2","U","U","U","N","9","U","U","U","U","99999","","","","","","","","N","N","","","","","2018","67","CYCLE_2018_Philadelphia","Philadelphia","67301"
"2018067658","2","","","","","","","","","","","","","","","","","","","","U","N","N","U","2018","67","CYCLE_2018_Philadelphia","Philadelphia","67301"
"2018045125","1","U","U","U","N","9","U","U","U","U","99999","","","","","","","","N","N","","","","","2018","67","CYCLE_2018_Philadelphia","Philadelphia","67301"
"2018063961","1","U","U","Y","U","9","U","U","U","U","99999","","","","","","","","N","N","","","","","2018","67","CYCLE_2018_Philadelphia","Philadelphia","67301"
"2018093691","2","N","U","N","Y","1","Y","U","Y","N","01299","","","","","","","","N","N","","","","","2018","67","CYCLE_2018_Philadelphia","Philadelphia","67301"
"2018066226","1","U","U","N","N","0","N","N","U","U","99999","","","","","","","","N","N","","","","","2018","67","CYCLE_2018_Philadelphia","Philadelphia","67301"
"2018130838","2","","","","","","","","","","","","","","","","","","","","U","N","N","U","2018","67","CYCLE_2018_Philadelphia","Philadelphia","67301"
"2018091284","2","","","","","","","","","","","","","","","","","","","","N","N","N","N","2018","67","CYCLE_2018_Philadelphia","Philadelphia","67301"
"2018099239","1","U","U","U","U","9","U","U","U","U","00000","U","N","9","U","U","U","U","Y","U","","","","","2018","67","CYCLE_2018_Philadelphia","Philadelphia","67301"
"2018104134","2","","","","","","","","","","","","","","","","","","","","U","N","N","U","2018","67","CYCLE_2018_Philadelphia","Philadelphia","67301"
"2018095846","2","","","","","","","","","","","","","","","","","","","","U","N","N","U","2018","67","CYCLE_2018_Philadelphia","Philadelphia","67301"
"2018115176","1","U","U","U","U","9","U","U","U","U","99999","","","","","","","","N","N","","","","","2018","67","CYCLE_2018_Philadelphia","Philadelphia","67301"
"2018138047","2","","","","","","","","","","","","","","","","","","","","N","N","N","N","2018","67","CYCLE_2018_Philadelphia","Philadelphia","67301"
"2019017097","2","","","","","","","","","","","","","","","","","","","","U","N","N","U","2018","67","CYCLE_2018_Philadelphia","Philadelphia","67301"
"2018030173","2","","","","","","","","","","","","","","","","","","","","U","N","N","U","2018","67","CYCLE_2018_Philadelphia","Philadelphia","67301"
"2018037243","2","","","","","","","","","","","","","","","","","","","","U","N","N","U","2018","67","CYCLE_2018_Philadelphia","Philadelphia","67301"
"2018085840","2","","","","","","","","","","","","","","","","","","","","U","N","N","U","2018","67","CYCLE_2018_Philadelphia","Philadelphia","67301"
"2018058699","2","","","","","","","","","","","","","","","","","","","","N","N","N","N","2018","67","CYCLE_2018_Philadelphia","Philadelphia","67301"
"2018066212","2","U","U","U","N","0","N","N","U","U","99999","","","","","","","","N","N","","","","","2018","67","CYCLE_2018_Philadelphia","Philadelphia","67301"
"2018065779","2","","","","","","","","","","","","","","","","","","","","U","U","N","U","2018","67","CYCLE_2018_Philadelphia","Philadelphia","67301"
"2018077451","2","U","U","U","N","0","N","N","U","U","99999","","","","","","","","N","N","","","","","2018","67","CYCLE_2018_Philadelphia","Philadelphia","67301"
"2018067952","1","N","N","N","Y","1","N","Y","Y","Y","00900","N","Y","1","N","Y","Y","N","Y","N","","","","","2018","67","CYCLE_2018_Philadelphia","Philadelphia","67301"
"2018085337","1","U","U","N","U","9","U","U","U","U","99999","","","","","","","","N","N","","","","","2018","67","CYCLE_2018_Philadelphia","Philadelphia","67301"
"2018084791","2","N","U","U","N","0","N","N","U","U","99999","","","","","","","","N","N","","","","","2018","67","CYCLE_2018_Philadelphia","Philadelphia","67301"
"2018087638","2","","","","","","","","","","","","","","","","","","","","U","N","N","U","2018","67","CYCLE_2018_Philadelphia","Philadelphia","67301"
"2018076810","1","U","U","N","U","9","U","U","U","U","99999","","","","","","","","N","N","","","","","2018","67","CYCLE_2018_Philadelphia","Philadelphia","67301"
"2018109594","1","Y","N","N","U","0","N","N","Y","Y","01584","","","","","","","","N","N","","","","","2018","67","CYCLE_2018_Philadelphia","Philadelphia","67301"
"2018090787","2","","","","","","","","","","","","","","","","","","","","U","U","N","U","2018","67","CYCLE_2018_Philadelphia","Philadelphia","67301"
"2018131761","2","","","","","","","","","","","","","","","","","","","","U","U","N","U","2018","67","CYCLE_2018_Philadelphia","Philadelphia","67301"
"2018127466","2","","","","","","","","","","","","","","","","","","","","U","N","N","U","2018","67","CYCLE_2018_Philadelphia","Philadelphia","67301"
"2018136525","2","N","U","N","N","9","U","U","U","U","99999","","","","","","","","N","N","","","","","2018","67","CYCLE_2018_Philadelphia","Philadelphia","67301"
"2018030183","2","","","","","","","","","","","","","","","","","","","","U","N","N","U","2018","67","CYCLE_2018_Philadelphia","Philadelphia","67301"
"2018048932","1","U","U","U","N","9","U","U","U","U","99999","","","","","","","","N","N","","","","","2018","67","CYCLE_2018_Philadelphia","Philadelphia","67301"
"2018090944","2","","","","","","","","","","","","","","","","","","","","U","N","N","U","2018","67","CYCLE_2018_Philadelphia","Philadelphia","67301"
"2018067809","2","","","","","","","","","","","","","","","","","","","","U","Y","N","U","2018","67","CYCLE_2018_Philadelphia","Philadelphia","67301"
"2018051954","2","","","","","","","","","","","","","","","","","","","","U","U","N","U","2018","67","CYCLE_2018_Philadelphia","Philadelphia","67301"
"2018087103","2","","","","","","","","","","","","","","","","","","","","U","U","N","U","2018","67","CYCLE_2018_Philadelphia","Philadelphia","67301"
"2018087103","1","U","U","U","U","9","U","U","U","U","99999","","","","","","","","U","U","","","","","2018","67","CYCLE_2018_Philadelphia","Philadelphia","67301"
"2018062745","2","","","","","","","","","","","","","","","","","","","","U","Y","N","U","2018","67","CYCLE_2018_Philadelphia","Philadelphia","67301"
"2018085424","2","U","U","U","U","9","U","U","U","U","99999","","","","","","","","N","N","","","","","2018","67","CYCLE_2018_Philadelphia","Philadelphia","67301"
"2018088053","1","N","U","Y","Y","9","U","U","U","U","99999","","","","","","","","N","N","","","","","2018","67","CYCLE_2018_Philadelphia","Philadelphia","67301"
"2018106832","2","U","U","U","N","0","N","N","U","U","99999","","","","","","","","N","N","","","","","2018","67","CYCLE_2018_Philadelphia","Philadelphia","67301"
"2018094020","1","","","","","","","","","","","","","","","","","","","","N","Y","N","Y","2018","67","CYCLE_2018_Philadelphia","Philadelphia","67301"
"2018104108","2","","","","","","","","","","","","","","","","","","","","U","U","N","U","2018","67","CYCLE_2018_Philadelphia","Philadelphia","67301"
"2018098863","1","U","U","U","N","0","N","N","U","U","99999","","","","","","","","N","N","","","","","2018","67","CYCLE_2018_Philadelphia","Philadelphia","67301"
"2018123546","2","","","","","","","","","","","","","","","","","","","","U","U","N","U","2018","67","CYCLE_2018_Philadelphia","Philadelphia","67301"
"2018046270","2","","","","","","","","","","","","","","","","","","","","U","U","N","U","2018","67","CYCLE_2018_Philadelphia","Philadelphia","67301"
"2018032222","2","","","","","","","","","","","","","","","","","","","","U","U","N","U","2018","67","CYCLE_2018_Philadelphia","Philadelphia","67301"
"2018060725","1","N","N","N","Y","1","Y","Y","N","Y","00900","","","","","","","","N","N","","","","","2018","67","CYCLE_2018_Philadelphia","Philadelphia","67301"
"2018067573","2","Y","N","Y","N","3","Y","Y","N","N","00050","","","","","","","","N","N","","","","","2018","67","CYCLE_2018_Philadelphia","Philadelphia","67301"
"2018078308","2","","","","","","","","","","","","","","","","","","","","U","N","N","U","2018","67","CYCLE_2018_Philadelphia","Philadelphia","67301"
"2018078308","3","","","","","","","","","","","","","","","","","","","","U","N","N","U","2018","67","CYCLE_2018_Philadelphia","Philadelphia","67301"
"2018077452","2","","","","","","","","","","","","","","","","","","","","U","N","N","U","2018","67","CYCLE_2018_Philadelphia","Philadelphia","67301"
"2018085440","2","","","","","","","","","","","","","","","","","","","","U","U","N","U","2018","67","CYCLE_2018_Philadelphia","Philadelphia","67301"
"2018058633","1","U","U","N","N","0","N","N","U","U","99999","","","","","","","","N","N","","","","","2018","67","CYCLE_2018_Philadelphia","Philadelphia","67301"
"2018115110","2","","","","","","","","","","","","","","","","","","","","N","N","N","N","2018","67","CYCLE_2018_Philadelphia","Philadelphia","67301"
"2018106807","2","U","U","U","N","9","U","U","U","U","99999","","","","","","","","N","N","","","","","2018","67","CYCLE_2018_Philadelphia","Philadelphia","67301"
"2018130776","2","","","","","","","","","","","","","","","","","","","","U","N","N","U","2018","67","CYCLE_2018_Philadelphia","Philadelphia","67301"
"2018104141","2","U","U","U","N","9","U","U","U","U","99999","","","","","","","","N","N","","","","","2018","67","CYCLE_2018_Philadelphia","Philadelphia","67301"
"2018122074","2","","","","","","","","","","","","","","","","","","","","U","N","N","U","2018","67","CYCLE_2018_Philadelphia","Philadelphia","67301"
"2018046239","2","U","U","Y","U","9","U","U","U","U","99999","","","","","","","","N","N","","","","","2018","67","CYCLE_2018_Philadelphia","Philadelphia","67301"
"2018058189","2","","","","","","","","","","","","","","","","","","","","U","N","N","U","2018","67","CYCLE_2018_Philadelphia","Philadelphia","67301"
"2018076855","1","","","","","","","","","","","","","","","","","","","","U","N","N","U","2018","67","CYCLE_2018_Philadelphia","Philadelphia","67301"
"2018077524","1","","","","","","","","","","","","","","","","","","","","U","N","N","U","2018","67","CYCLE_2018_Philadelphia","Philadelphia","67301"
"2018085832","1","U","U","Y","N","0","N","N","U","U","99999","","","","","","","","N","N","","","","","2018","67","CYCLE_2018_Philadelphia","Philadelphia","67301"
"2018085449","2","U","U","U","N","0","N","N","U","U","99999","","","","","","","","N","N","","","","","2018","67","CYCLE_2018_Philadelphia","Philadelphia","67301"
"2018079877","1","N","Y","Y","Y","1","Y","Y","Y","Y","00650","","","","","","","","N","N","","","","","2018","67","CYCLE_2018_Philadelphia","Philadelphia","67301"
"2018071793","2","","","","","","","","","","","","","","","","","","","","U","U","N","U","2018","67","CYCLE_2018_Philadelphia","Philadelphia","67301"
"2018066187","1","","","","","","","","","","","","","","","","","","","","U","N","N","U","2018","67","CYCLE_2018_Philadelphia","Philadelphia","67301"
"2018085255","1","N","U","U","U","9","U","U","U","U","99999","","","","","","","","N","N","","","","","2018","67","CYCLE_2018_Philadelphia","Philadelphia","67301"
"2018107927","2","","","","","","","","","","","","","","","","","","","","U","Y","N","U","2018","67","CYCLE_2018_Philadelphia","Philadelphia","67301"
"2018098816","2","","","","","","","","","","","","","","","","","","","","U","Y","N","U","2018","67","CYCLE_2018_Philadelphia","Philadelphia","67301"
"2018117091","1","","","","","","","","","","","","","","","","","","","","U","U","N","U","2018","67","CYCLE_2018_Philadelphia","Philadelphia","67301"
"2018106856","2","","","","","","","","","","","","","","","","","","","","U","U","N","U","2018","67","CYCLE_2018_Philadelphia","Philadelphia","67301"
"2018122017","2","","","","","","","","","","","","","","","","","","","","U","N","N","U","2018","67","CYCLE_2018_Philadelphia","Philadelphia","67301"
"2018112249","2","U","U","U","Y","9","U","U","U","U","99999","","","","","","","","N","N","","","","","2018","67","CYCLE_2018_Philadelphia","Philadelphia","67301"
"2018030333","2","","","","","","","","","","","","","","","","","","","","U","N","N","U","2018","67","CYCLE_2018_Philadelphia","Philadelphia","67301"
"2018054204","2","","","","","","","","","","","","","","","","","","","","U","N","N","U","2018","67","CYCLE_2018_Philadelphia","Philadelphia","67301"
"2018054010","1","U","U","N","N","0","N","N","U","U","99999","","","","","","","","N","N","","","","","2018","67","CYCLE_2018_Philadelphia","Philadelphia","67301"
"2018043882","1","U","U","U","U","9","U","U","U","U","99999","","","","","","","","N","N","","","","","2018","67","CYCLE_2018_Philadelphia","Philadelphia","67301"
"2018037237","1","U","U","Y","U","9","U","U","U","U","99999","","","","","","","","N","N","","","","","2018","67","CYCLE_2018_Philadelphia","Philadelphia","67301"
"2018031033","1","","","","","","","","","","","","","","","","","","","","U","N","N","U","2018","67","CYCLE_2018_Philadelphia","Philadelphia","67301"
"2018057682","1","U","U","U","N","0","N","N","U","U","99999","","","","","","","","N","N","","","","","2018","67","CYCLE_2018_Philadelphia","Philadelphia","67301"
"2018057662","2","","","","","","","","","","","","","","","","","","","","U","U","N","U","2018","67","CYCLE_2018_Philadelphia","Philadelphia","67301"
"2018109596","1","Y","N","U","U","0","N","N","N","N","01450","","","","","","","","N","N","","","","","2018","67","CYCLE_2018_Philadelphia","Philadelphia","67301"
"2018101491","1","N","N","U","N","0","N","N","Y","N","99999","","","","","","","","N","N","","","","","2018","67","CYCLE_2018_Philadelphia","Philadelphia","67301"
"2018101061","2","","","","","","","","","","","","","","","","","","","","U","N","N","U","2018","67","CYCLE_2018_Philadelphia","Philadelphia","67301"
"2018123485","2","","","","","","","","","","","","","","","","","","","","U","N","N","U","2018","67","CYCLE_2018_Philadelphia","Philadelphia","67301"
"2018130378","2","","","","","","","","","","","","","","","","","","","","U","N","N","U","2018","67","CYCLE_2018_Philadelphia","Philadelphia","67301"
"2018116277","2","","","","","","","","","","","","","","","","","","","","N","N","N","Y","2018","67","CYCLE_2018_Philadelphia","Philadelphia","67301"
"2018109311","2","N","U","N","N","0","N","N","U","U","99999","","","","","","","","N","N","","","","","2018","67","CYCLE_2018_Philadelphia","Philadelphia","67301"
"2018122101","2","","","","","","","","","","","","","","","","","","","","U","Y","N","U","2018","67","CYCLE_2018_Philadelphia","Philadelphia","67301"
"2018107450","1","","","","","","","","","","","","","","","","","","","","N","U","N","N","2018","67","CYCLE_2018_Philadelphia","Philadelphia","67301"
"2018027918","2","Y","Y","U","Y","1","U","Y","Y","Y","00700","","","","","","","","N","N","","","","","2018","67","CYCLE_2018_Philadelphia","Philadelphia","67301"
"2018051176","2","","","","","","","","","","","","","","","","","","","","U","N","N","U","2018","67","CYCLE_2018_Philadelphia","Philadelphia","67301"
"2018051185","1","","","","","","","","","","","","","","","","","","","","U","U","N","U","2018","67","CYCLE_2018_Philadelphia","Philadelphia","67301"
"2018008971","2","","","","","","","","","","","","","","","","","","","","U","N","N","U","2018","67","CYCLE_2018_Philadelphia","Philadelphia","67301"
"2018054131","2","","","","","","","","","","","","","","","","","","","","U","N","N","U","2018","67","CYCLE_2018_Philadelphia","Philadelphia","67301"
"2018081057","2","N","N","N","N","0","N","N","Y","U","00100","U","N","0","N","N","U","U","Y","N","","","","","2018","67","CYCLE_2018_Philadelphia","Philadelphia","67301"
"2018077447","2","U","U","Y","N","0","N","N","U","U","99999","","","","","","","","N","N","","","","","2018","67","CYCLE_2018_Philadelphia","Philadelphia","67301"
"2018081104","2","","","","","","","","","","","","","","","","","","","","U","N","N","U","2018","67","CYCLE_2018_Philadelphia","Philadelphia","67301"
"2018057063","1","N","N","N","Y","0","N","N","Y","N","00636","","","","","","","","N","N","","","","","2018","67","CYCLE_2018_Philadelphia","Philadelphia","67301"
"2018085362","2","","","","","","","","","","","","","","","","","","","","U","N","N","U","2018","67","CYCLE_2018_Philadelphia","Philadelphia","67301"
"2018085356","1","U","U","Y","Y","9","U","U","U","U","99999","","","","","","","","N","N","","","","","2018","67","CYCLE_2018_Philadelphia","Philadelphia","67301"
"2018053249","2","N","Y","Y","Y","1","Y","Y","Y","Y","99999","","","","","","","","N","N","","","","","2018","67","CYCLE_2018_Philadelphia","Philadelphia","67301"
"2018088813","2","","","","","","","","","","","","","","","","","","","","U","N","N","U","2018","67","CYCLE_2018_Philadelphia","Philadelphia","67301"
"2018122200","1","","","","","","","","","","","","","","","","","","","","Y","Y","N","Y","2018","67","CYCLE_2018_Philadelphia","Philadelphia","67301"
"2018100636","2","U","U","U","Y","9","U","U","U","U","99999","","","","","","","","N","N","","","","","2018","67","CYCLE_2018_Philadelphia","Philadelphia","67301"
"2018104174","2","","","","","","","","","","","","","","","","","","","","N","U","N","U","2018","67","CYCLE_2018_Philadelphia","Philadelphia","67301"
"2018099590","2","","","","","","","","","","","","","","","","","","","","U","Y","N","U","2018","67","CYCLE_2018_Philadelphia","Philadelphia","67301"
"2018118341","1","U","U","U","U","9","U","U","U","U","99999","","","","","","","","N","N","","","","","2018","67","CYCLE_2018_Philadelphia","Philadelphia","67301"
"2018101492","1","","","","","","","","","","","","","","","","","","","","U","N","N","U","2018","67","CYCLE_2018_Philadelphia","Philadelphia","67301"
"2018131762","2","","","","","","","","","","","","","","","","","","","","U","N","N","U","2018","67","CYCLE_2018_Philadelphia","Philadelphia","67301"
"2018098848","2","","","","","","","","","","","","","","","","","","","","U","N","N","U","2018","67","CYCLE_2018_Philadelphia","Philadelphia","67301"
"2018100659","1","N","U","U","N","0","N","N","U","U","99999","","","","","","","","N","N","","","","","2018","67","CYCLE_2018_Philadelphia","Philadelphia","67301"
"2018118347","1","","","","","","","","","","","","","","","","","","","","U","N","N","U","2018","67","CYCLE_2018_Philadelphia","Philadelphia","67301"
"2018139133","1","","","","","","","","","","","","","","","","","","","","U","U","N","U","2018","67","CYCLE_2018_Philadelphia","Philadelphia","67301"
"2018129443","2","","","","","","","","","","","","","","","","","","","","U","U","N","U","2018","67","CYCLE_2018_Philadelphia","Philadelphia","67301"
"2018127355","1","Y","Y","Y","N","0","N","N","Y","Y","01584","","","","","","","","N","N","","","","","2018","67","CYCLE_2018_Philadelphia","Philadelphia","67301"
"2018072425","4","U","U","N","U","9","U","U","U","U","99999","","","","","","","","N","N","","","","","2018","67","CYCLE_2018_Philadelphia","Philadelphia","67301"
"2018058798","1","N","N","Y","Y","1","Y","Y","Y","N","00600","","","","","","","","N","N","","","","","2018","67","CYCLE_2018_Philadelphia","Philadelphia","67301"
"2018071784","2","","","","","","","","","","","","","","","","","","","","U","Y","N","U","2018","67","CYCLE_2018_Philadelphia","Philadelphia","67301"
"2018085420","2","N","U","U","U","9","U","U","U","U","99999","","","","","","","","N","N","","","","","2018","67","CYCLE_2018_Philadelphia","Philadelphia","67301"
"2018065682","2","N","Y","Y","N","3","Y","Y","Y","Y","00200","","","","","","","","N","N","","","","","2018","67","CYCLE_2018_Philadelphia","Philadelphia","67301"
"2018057626","1","U","U","N","N","0","N","N","U","U","99999","","","","","","","","N","N","","","","","2018","67","CYCLE_2018_Philadelphia","Philadelphia","67301"
"2018067464","2","","","","","","","","","","","","","","","","","","","","U","N","N","U","2018","67","CYCLE_2018_Philadelphia","Philadelphia","67301"
"2018078327","2","","","","","","","","","","","","","","","","","","","","U","N","N","U","2018","67","CYCLE_2018_Philadelphia","Philadelphia","67301"
"2018057557","2","U","U","Y","N","9","U","U","U","U","99999","","","","","","","","N","N","","","","","2018","67","CYCLE_2018_Philadelphia","Philadelphia","67301"
"2018057557","1","U","U","Y","N","9","U","U","U","U","99999","","","","","","","","N","N","","","","","2018","67","CYCLE_2018_Philadelphia","Philadelphia","67301"
"2018090950","1","N","U","N","N","0","N","N","U","U","99999","","","","","","","","N","N","","","","","2018","67","CYCLE_2018_Philadelphia","Philadelphia","67301"
"2018088462","1","N","U","U","U","9","U","U","U","U","99999","","","","","","","","N","N","","","","","2018","67","CYCLE_2018_Philadelphia","Philadelphia","67301"
"2018122931","1","","","","","","","","","","","","","","","","","","","","N","Y","N","Y","2018","67","CYCLE_2018_Philadelphia","Philadelphia","67301"
"2018027209","1","U","U","U","N","1","U","U","U","U","99999","","","","","","","","N","U","","","","","2018","67","CYCLE_2018_Philadelphia","Philadelphia","67301"
"2018046276","2","","","","","","","","","","","","","","","","","","","","U","N","N","U","2018","67","CYCLE_2018_Philadelphia","Philadelphia","67301"
"2018025402","2","","","","","","","","","","","","","","","","","","","","U","U","N","U","2018","67","CYCLE_2018_Philadelphia","Philadelphia","67301"
"2018077495","2","U","U","N","N","0","N","N","U","U","99999","","","","","","","","N","N","","","","","2018","67","CYCLE_2018_Philadelphia","Philadelphia","67301"
"2018085331","1","","","","","","","","","","","","","","","","","","","","U","N","N","U","2018","67","CYCLE_2018_Philadelphia","Philadelphia","67301"
"2018081173","1","U","U","N","N","0","N","N","U","U","99999","","","","","","","","N","N","","","","","2018","67","CYCLE_2018_Philadelphia","Philadelphia","67301"
"2018060297","2","N","Y","N","N","0","N","N","Y","Y","01584","","","","","","","","N","N","","","","","2018","67","CYCLE_2018_Philadelphia","Philadelphia","67301"
"2018026818","2","","","","","","","","","","","","","","","","","","","","N","N","N","N","2018","67","CYCLE_2018_Philadelphia","Philadelphia","67301"
"2018054035","1","","","","","","","","","","","","","","","","","","","","U","U","N","U","2018","67","CYCLE_2018_Philadelphia","Philadelphia","67301"
"2018072489","1","U","U","Y","U","9","U","U","U","U","99999","","","","","","","","N","N","","","","","2018","67","CYCLE_2018_Philadelphia","Philadelphia","67301"
"2018076924","2","","","","","","","","","","","","","","","","","","","","U","N","N","U","2018","67","CYCLE_2018_Philadelphia","Philadelphia","67301"
"2018054263","2","","","","","","","","","","","","","","","","","","","","U","N","N","U","2018","67","CYCLE_2018_Philadelphia","Philadelphia","67301"
"2018054453","1","N","Y","Y","Y","1","Y","Y","Y","Y","01200","","","","","","","","N","N","","","","","2018","67","CYCLE_2018_Philadelphia","Philadelphia","67301"
"2018055340","2","","","","","","","","","","","","","","","","","","","","U","U","N","U","2018","67","CYCLE_2018_Philadelphia","Philadelphia","67301"
"2018130312","2","","","","","","","","","","","","","","","","","","","","U","N","N","U","2018","67","CYCLE_2018_Philadelphia","Philadelphia","67301"
"2018087633","1","U","U","U","N","0","N","N","U","U","99999","","","","","","","","N","N","","","","","2018","67","CYCLE_2018_Philadelphia","Philadelphia","67301"
"2018105536","1","","","","","","","","","","","","","","","","","","","","U","N","N","U","2018","67","CYCLE_2018_Philadelphia","Philadelphia","67301"
"2018105536","2","N","U","U","N","9","U","U","U","U","99999","","","","","","","","N","N","","","","","2018","67","CYCLE_2018_Philadelphia","Philadelphia","67301"
"2018092038","1","N","N","Y","Y","1","U","Y","Y","N","99999","","","","","","","","N","N","","","","","2018","67","CYCLE_2018_Philadelphia","Philadelphia","67301"
"2018101057","2","","","","","","","","","","","","","","","","","","","","N","N","N","Y","2018","67","CYCLE_2018_Philadelphia","Philadelphia","67301"
"2018098447","2","","","","","","","","","","","","","","","","","","","","U","U","N","U","2018","67","CYCLE_2018_Philadelphia","Philadelphia","67301"
"2018104109","1","","","","","","","","","","","","","","","","","","","","U","N","N","U","2018","67","CYCLE_2018_Philadelphia","Philadelphia","67301"
"2018105997","2","","","","","","","","","","","","","","","","","","","","U","N","N","U","2018","67","CYCLE_2018_Philadelphia","Philadelphia","67301"
"2018122133","2","","","","","","","","","","","","","","","","","","","","U","N","N","U","2018","67","CYCLE_2018_Philadelphia","Philadelphia","67301"
"2018110830","2","","","","","","","","","","","","","","","","","","","","N","N","N","U","2018","67","CYCLE_2018_Philadelphia","Philadelphia","67301"
"2018130125","2","","","","","","","","","","","","","","","","","","","","N","N","N","N","2018","67","CYCLE_2018_Philadelphia","Philadelphia","67301"
"2018066157","1","U","U","U","N","0","N","N","U","U","99999","","","","","","","","N","N","","","","","2018","67","CYCLE_2018_Philadelphia","Philadelphia","67301"
"2018044961","1","N","Y","Y","N","1","Y","Y","Y","Y","01250","","","","","","","","N","N","","","","","2018","67","CYCLE_2018_Philadelphia","Philadelphia","67301"
"2018065686","2","","","","","","","","","","","","","","","","","","","","N","N","N","U","2018","67","CYCLE_2018_Philadelphia","Philadelphia","67301"
"2018081142","1","N","U","N","U","9","U","U","U","U","99999","","","","","","","","N","U","","","","","2018","67","CYCLE_2018_Philadelphia","Philadelphia","67301"
"2018098546","2","","","","","","","","","","","","","","","","","","","","U","U","N","U","2018","67","CYCLE_2018_Philadelphia","Philadelphia","67301"
"2018031029","1","","","","","","","","","","","","","","","","","","","","U","N","N","U","2018","67","CYCLE_2018_Philadelphia","Philadelphia","67301"
"2018030981","2","","","","","","","","","","","","","","","","","","","","U","Y","N","U","2018","67","CYCLE_2018_Philadelphia","Philadelphia","67301"
"2018063931","2","","","","","","","","","","","","","","","","","","","","U","N","N","U","2018","67","CYCLE_2018_Philadelphia","Philadelphia","67301"
"2018048609","1","U","U","Y","N","0","N","N","U","U","01001","","","","","","","","N","N","","","","","2018","67","CYCLE_2018_Philadelphia","Philadelphia","67301"
"2018053973","2","","","","","","","","","","","","","","","","","","","","U","N","N","U","2018","67","CYCLE_2018_Philadelphia","Philadelphia","67301"
"2018063989","2","","","","","","","","","","","","","","","","","","","","U","N","N","U","2018","67","CYCLE_2018_Philadelphia","Philadelphia","67301"
"2018077479","2","","","","","","","","","","","","","","","","","","","","U","N","N","U","2018","67","CYCLE_2018_Philadelphia","Philadelphia","67301"
"2018065722","1","U","U","N","N","0","N","N","U","U","99999","","","","","","","","N","N","","","","","2018","67","CYCLE_2018_Philadelphia","Philadelphia","67301"
"2018057594","1","U","U","U","N","0","N","N","U","U","99999","","","","","","","","N","N","","","","","2018","67","CYCLE_2018_Philadelphia","Philadelphia","67301"
"2018078332","1","","","","","","","","","","","","","","","","","","","","U","U","N","U","2018","67","CYCLE_2018_Philadelphia","Philadelphia","67301"
"2018090965","1","U","U","U","U","9","U","U","U","U","99999","","","","","","","","N","N","","","","","2018","67","CYCLE_2018_Philadelphia","Philadelphia","67301"
"2018088459","2","","","","","","","","","","","","","","","","","","","","U","N","N","U","2018","67","CYCLE_2018_Philadelphia","Philadelphia","67301"
"2018085822","2","","","","","","","","","","","","","","","","","","","","U","N","N","U","2018","67","CYCLE_2018_Philadelphia","Philadelphia","67301"
"2018115159","2","","","","","","","","","","","","","","","","","","","","U","N","N","U","2018","67","CYCLE_2018_Philadelphia","Philadelphia","67301"
"2018097189","1","U","U","U","N","0","N","N","U","U","99999","","","","","","","","N","N","","","","","2018","67","CYCLE_2018_Philadelphia","Philadelphia","67301"
"2018105113","2","","","","","","","","","","","","","","","","","","","","N","Y","N","Y","2018","67","CYCLE_2018_Philadelphia","Philadelphia","67301"
"2018093085","2","","","","","","","","","","","","","","","","","","","","U","N","N","U","2018","67","CYCLE_2018_Philadelphia","Philadelphia","67301"
"2019082180","2","","","","","","","","","","","","","","","","","","","","U","U","N","U","2018","67","CYCLE_2018_Philadelphia","Philadelphia","67301"
"2018063866","1","U","U","N","U","1","U","U","U","U","99999","","","","","","","","N","N","","","","","2018","67","CYCLE_2018_Philadelphia","Philadelphia","67301"
"2018044203","1","N","N","Y","Y","1","Y","Y","Y","Y","00300","","","","","","","","N","N","","","","","2018","67","CYCLE_2018_Philadelphia","Philadelphia","67301"
"2018057559","2","U","U","N","N","9","U","U","U","U","99999","","","","","","","","N","N","","","","","2018","67","CYCLE_2018_Philadelphia","Philadelphia","67301"
"2018030910","1","U","U","U","N","9","U","U","U","U","99999","","","","","","","","N","N","","","","","2018","67","CYCLE_2018_Philadelphia","Philadelphia","67301"
"2018074039","1","N","Y","Y","N","9","U","U","Y","Y","00600","","","","","","","","N","N","","","","","2018","67","CYCLE_2018_Philadelphia","Philadelphia","67301"
"2018043450","2","","","","","","","","","","","","","","","","","","","","U","Y","N","U","2018","67","CYCLE_2018_Philadelphia","Philadelphia","67301"
"2018035968","2","U","U","N","U","3","U","N","U","U","99999","","","","","","","","N","N","","","","","2018","67","CYCLE_2018_Philadelphia","Philadelphia","67301"
"2018057635","1","","","","","","","","","","","","","","","","","","","","U","N","N","U","2018","67","CYCLE_2018_Philadelphia","Philadelphia","67301"
"2018053967","1","U","U","Y","N","0","N","N","U","U","99999","","","","","","","","N","N","","","","","2018","67","CYCLE_2018_Philadelphia","Philadelphia","67301"
"2018077457","2","N","U","U","N","9","U","U","U","U","99999","","","","","","","","N","N","","","","","2018","67","CYCLE_2018_Philadelphia","Philadelphia","67301"
"2018067424","1","U","U","U","N","0","N","N","U","U","99999","","","","","","","","N","N","","","","","2018","67","CYCLE_2018_Philadelphia","Philadelphia","67301"
"2018067095","1","Y","Y","Y","Y","1","U","Y","Y","Y","01750","Y","Y","1","U","Y","Y","Y","Y","N","","","","","2018","67","CYCLE_2018_Philadelphia","Philadelphia","67301"
"2018072485","1","","","","","","","","","","","","","","","","","","","","U","N","N","U","2018","67","CYCLE_2018_Philadelphia","Philadelphia","67301"
"2018076841","1","U","U","N","N","0","N","N","U","U","99999","","","","","","","","N","N","","","","","2018","67","CYCLE_2018_Philadelphia","Philadelphia","67301"
"2018085271","1","N","U","N","N","0","N","N","U","U","99999","","","","","","","","N","N","","","","","2018","67","CYCLE_2018_Philadelphia","Philadelphia","67301"
"2018101098","1","","","","","","","","","","","","","","","","","","","","U","N","N","U","2018","67","CYCLE_2018_Philadelphia","Philadelphia","67301"
"2018123482","2","","","","","","","","","","","","","","","","","","","","U","N","N","U","2018","67","CYCLE_2018_Philadelphia","Philadelphia","67301"
"2018097170","1","U","Y","U","Y","1","U","Y","Y","N","99999","","","","","","","","N","N","","","","","2018","67","CYCLE_2018_Philadelphia","Philadelphia","67301"
"2018055414","1","","","","","","","","","","","","","","","","","","","","U","N","N","U","2018","67","CYCLE_2018_Philadelphia","Philadelphia","67301"
"2018032320","1","U","U","N","N","9","U","U","U","U","99999","","","","","","","","N","N","","","","","2018","67","CYCLE_2018_Philadelphia","Philadelphia","67301"
"2018043434","2","","","","","","","","","","","","","","","","","","","","U","N","N","U","2018","67","CYCLE_2018_Philadelphia","Philadelphia","67301"
"2018029882","2","","","","","","","","","","","","","","","","","","","","U","Y","N","U","2018","67","CYCLE_2018_Philadelphia","Philadelphia","67301"
"2018054030","2","","","","","","","","","","","","","","","","","","","","U","N","N","U","2018","67","CYCLE_2018_Philadelphia","Philadelphia","67301"
"2018054066","2","","","","","","","","","","","","","","","","","","","","U","N","N","U","2018","67","CYCLE_2018_Philadelphia","Philadelphia","67301"
"2018081071","2","","","","","","","","","","","","","","","","","","","","U","N","N","U","2018","67","CYCLE_2018_Philadelphia","Philadelphia","67301"
"2018077521","1","","","","","","","","","","","","","","","","","","","","U","N","N","U","2018","67","CYCLE_2018_Philadelphia","Philadelphia","67301"
"2018067414","1","N","U","N","N","0","N","N","U","U","99999","","","","","","","","N","N","","","","","2018","67","CYCLE_2018_Philadelphia","Philadelphia","67301"
"2018072442","2","","","","","","","","","","","","","","","","","","","","U","N","N","U","2018","67","CYCLE_2018_Philadelphia","Philadelphia","67301"
"2018072384","2","","","","","","","","","","","","","","","","","","","","U","U","N","U","2018","67","CYCLE_2018_Philadelphia","Philadelphia","67301"
"2018077432","2","","","","","","","","","","","","","","","","","","","","U","U","N","U","2018","67","CYCLE_2018_Philadelphia","Philadelphia","67301"
"2018088447","1","","","","","","","","","","","","","","","","","","","","U","N","N","U","2018","67","CYCLE_2018_Philadelphia","Philadelphia","67301"
"2018106843","1","","","","","","","","","","","","","","","","","","","","U","N","N","U","2018","67","CYCLE_2018_Philadelphia","Philadelphia","67301"
"2018095909","2","U","U","U","N","9","U","U","U","U","99999","","","","","","","","N","N","","","","","2018","67","CYCLE_2018_Philadelphia","Philadelphia","67301"
"2018098856","2","","","","","","","","","","","","","","","","","","","","U","N","N","U","2018","67","CYCLE_2018_Philadelphia","Philadelphia","67301"
"2018130376","2","N","U","N","N","0","N","N","U","U","99999","","","","","","","","N","N","","","","","2018","67","CYCLE_2018_Philadelphia","Philadelphia","67301"
"2018102209","2","","","","","","","","","","","","","","","","","","","","N","U","Y","Y","2018","67","CYCLE_2018_Philadelphia","Philadelphia","67301"
"2018110831","2","N","U","U","U","9","U","U","U","U","99999","","","","","","","","N","N","","","","","2018","67","CYCLE_2018_Philadelphia","Philadelphia","67301"
"2018110831","1","N","U","U","Y","9","U","U","U","U","99999","","","","","","","","N","N","","","","","2018","67","CYCLE_2018_Philadelphia","Philadelphia","67301"
"2018115131","2","","","","","","","","","","","","","","","","","","","","U","Y","N","U","2018","67","CYCLE_2018_Philadelphia","Philadelphia","67301"
"2018032137","2","N","U","N","N","0","N","N","U","U","99999","","","","","","","","N","N","","","","","2018","67","CYCLE_2018_Philadelphia","Philadelphia","67301"
"2018085383","2","","","","","","","","","","","","","","","","","","","","U","N","N","U","2018","67","CYCLE_2018_Philadelphia","Philadelphia","67301"
"2018043879","2","","","","","","","","","","","","","","","","","","","","U","Y","N","U","2018","67","CYCLE_2018_Philadelphia","Philadelphia","67301"
"2018055433","1","","","","","","","","","","","","","","","","","","","","U","N","N","U","2018","67","CYCLE_2018_Philadelphia","Philadelphia","67301"
"2018067425","2","","","","","","","","","","","","","","","","","","","","U","N","N","U","2018","67","CYCLE_2018_Philadelphia","Philadelphia","67301"
"2018100280","1","N","Y","Y","Y","1","Y","Y","Y","N","01000","","","","","","","","N","N","","","","","2018","67","CYCLE_2018_Philadelphia","Philadelphia","67301"
"2018085399","1","U","U","U","U","9","U","U","U","U","99999","","","","","","","","N","N","","","","","2018","67","CYCLE_2018_Philadelphia","Philadelphia","67301"
"2018087138","1","U","U","N","N","0","N","N","U","U","99999","","","","","","","","N","N","","","","","2018","67","CYCLE_2018_Philadelphia","Philadelphia","67301"
"2018090936","2","","","","","","","","","","","","","","","","","","","","U","N","N","U","2018","67","CYCLE_2018_Philadelphia","Philadelphia","67301"
"2018088059","1","U","U","Y","Y","9","U","U","U","U","99999","","","","","","","","N","N","","","","","2018","67","CYCLE_2018_Philadelphia","Philadelphia","67301"
"2018083082","2","","","","","","","","","","","","","","","","","","","","U","N","N","U","2018","67","CYCLE_2018_Philadelphia","Philadelphia","67301"
"2018089697","2","","","","","","","","","","","","","","","","","","","","U","Y","N","U","2018","67","CYCLE_2018_Philadelphia","Philadelphia","67301"
"2018107921","2","N","U","N","N","0","N","N","U","U","99999","","","","","","","","N","N","","","","","2018","67","CYCLE_2018_Philadelphia","Philadelphia","67301"
"2018107910","2","","","","","","","","","","","","","","","","","","","","U","U","N","U","2018","67","CYCLE_2018_Philadelphia","Philadelphia","67301"
"2018095029","1","N","Y","U","N","1","U","Y","Y","Y","00600","","","","","","","","N","N","","","","","2018","67","CYCLE_2018_Philadelphia","Philadelphia","67301"
"2018113842","2","","","","","","","","","","","","","","","","","","","","N","N","N","N","2018","67","CYCLE_2018_Philadelphia","Philadelphia","67301"
"2018122052","1","U","U","U","N","0","N","N","U","U","99999","","","","","","","","N","N","","","","","2018","67","CYCLE_2018_Philadelphia","Philadelphia","67301"
"2018122107","1","U","U","N","N","0","N","N","U","U","99999","","","","","","","","N","N","","","","","2018","67","CYCLE_2018_Philadelphia","Philadelphia","67301"
"2018093026","1","U","U","N","N","9","U","U","U","U","99999","","","","","","","","N","N","","","","","2018","67","CYCLE_2018_Philadelphia","Philadelphia","67301"
"2019017791","1","","","","","","","","","","","","","","","","","","","","U","N","N","U","2018","67","CYCLE_2018_Philadelphia","Philadelphia","67301"
"2019017160","2","","","","","","","","","","","","","","","","","","","","U","U","N","U","2018","67","CYCLE_2018_Philadelphia","Philadelphia","67301"
"2018087097","2","","","","","","","","","","","","","","","","","","","","U","U","N","U","2018","67","CYCLE_2018_Philadelphia","Philadelphia","67301"
"2018073986","1","N","N","Y","Y","1","U","Y","Y","Y","99999","","","","","","","","N","N","","","","","2018","67","CYCLE_2018_Philadelphia","Philadelphia","67301"
"2018021792","1","","","","","","","","","","","","","","","","","","","","U","N","N","U","2018","67","CYCLE_2018_Philadelphia","Philadelphia","67301"
"2018032195","1","U","U","U","U","9","U","U","U","U","99999","","","","","","","","N","N","","","","","2018","67","CYCLE_2018_Philadelphia","Philadelphia","67301"
"2018037316","2","","","","","","","","","","","","","","","","","","","","Y","Y","N","Y","2018","67","CYCLE_2018_Philadelphia","Philadelphia","67301"
"2018045088","1","N","U","N","N","0","N","N","U","U","99999","","","","","","","","N","N","","","","","2018","67","CYCLE_2018_Philadelphia","Philadelphia","67301"
"2018054011","2","","","","","","","","","","","","","","","","","","","","U","N","N","U","2018","67","CYCLE_2018_Philadelphia","Philadelphia","67301"
"2018076907","2","N","N","N","N","0","N","N","N","N","99999","","","","","","","","N","N","","","","","2018","67","CYCLE_2018_Philadelphia","Philadelphia","67301"
"2018077491","2","","","","","","","","","","","","","","","","","","","","U","N","N","U","2018","67","CYCLE_2018_Philadelphia","Philadelphia","67301"
"2018063872","1","U","U","U","U","9","U","U","U","U","99999","","","","","","","","U","U","","","","","2018","67","CYCLE_2018_Philadelphia","Philadelphia","67301"
"2018130829","2","","","","","","","","","","","","","","","","","","","","U","N","N","U","2018","67","CYCLE_2018_Philadelphia","Philadelphia","67301"
"2018088466","1","N","U","Y","N","0","N","N","U","U","99999","","","","","","","","N","N","","","","","2018","67","CYCLE_2018_Philadelphia","Philadelphia","67301"
"2018134665","2","","","","","","","","","","","","","","","","","","","","U","U","N","U","2018","67","CYCLE_2018_Philadelphia","Philadelphia","67301"
"2018105522","2","","","","","","","","","","","","","","","","","","","","U","N","N","U","2018","67","CYCLE_2018_Philadelphia","Philadelphia","67301"
"2018093032","1","U","U","N","N","0","N","N","U","U","99999","","","","","","","","N","N","","","","","2018","67","CYCLE_2018_Philadelphia","Philadelphia","67301"
"2018130773","2","","","","","","","","","","","","","","","","","","","","U","N","N","U","2018","67","CYCLE_2018_Philadelphia","Philadelphia","67301"
"2019006385","2","","","","","","","","","","","","","","","","","","","","N","N","N","U","2018","67","CYCLE_2018_Philadelphia","Philadelphia","67301"
"2018064005","2","","","","","","","","","","","","","","","","","","","","U","U","N","U","2018","67","CYCLE_2018_Philadelphia","Philadelphia","67301"
"2018067815","2","","","","","","","","","","","","","","","","","","","","U","U","N","U","2018","67","CYCLE_2018_Philadelphia","Philadelphia","67301"
"2018057620","1","U","U","U","N","9","U","U","U","U","99999","","","","","","","","N","N","","","","","2018","67","CYCLE_2018_Philadelphia","Philadelphia","67301"
"2018067452","2","U","U","U","U","9","U","U","U","U","99999","","","","","","","","N","N","","","","","2018","67","CYCLE_2018_Philadelphia","Philadelphia","67301"
"2018085439","1","N","U","U","Y","9","U","U","U","U","99999","","","","","","","","N","N","","","","","2018","67","CYCLE_2018_Philadelphia","Philadelphia","67301"
"2018087073","2","","","","","","","","","","","","","","","","","","","","U","N","N","U","2018","67","CYCLE_2018_Philadelphia","Philadelphia","67301"
"2018095336","2","","","","","","","","","","","","","","","","","","","","U","Y","N","U","2018","67","CYCLE_2018_Philadelphia","Philadelphia","67301"
"2018087602","2","","","","","","","","","","","","","","","","","","","","U","N","N","U","2018","67","CYCLE_2018_Philadelphia","Philadelphia","67301"
"2018107875","1","","","","","","","","","","","","","","","","","","","","N","N","Y","Y","2018","67","CYCLE_2018_Philadelphia","Philadelphia","67301"
"2018090459","2","Y","N","Y","Y","2","Y","Y","Y","Y","01584","","","","","","","","N","N","","","","","2018","67","CYCLE_2018_Philadelphia","Philadelphia","67301"
"2018121990","2","","","","","","","","","","","","","","","","","","","","U","U","N","U","2018","67","CYCLE_2018_Philadelphia","Philadelphia","67301"
"2019028207","1","","","","","","","","","","","","","","","","","","","","N","N","N","Y","2018","67","CYCLE_2018_Philadelphia","Philadelphia","67301"
"2018047626","2","","","","","","","","","","","","","","","","","","","","U","Y","N","U","2018","67","CYCLE_2018_Philadelphia","Philadelphia","67301"
"2018069914","1","Y","N","Y","N","0","N","N","N","N","99999","","","","","","","","N","N","","","","","2018","67","CYCLE_2018_Philadelphia","Philadelphia","67301"
"2018085402","1","","","","","","","","","","","","","","","","","","","","U","N","N","U","2018","67","CYCLE_2018_Philadelphia","Philadelphia","67301"
"2018096258","2","N","N","N","U","9","U","U","Y","Y","00740","","","","","","","","N","N","","","","","2018","67","CYCLE_2018_Philadelphia","Philadelphia","67301"
"2018081070","2","U","U","U","U","9","U","U","U","U","99999","","","","","","","","N","N","","","","","2018","67","CYCLE_2018_Philadelphia","Philadelphia","67301"
"2018072427","2","","","","","","","","","","","","","","","","","","","","U","N","N","U","2018","67","CYCLE_2018_Philadelphia","Philadelphia","67301"
"2018070756","1","N","N","N","Y","3","Y","Y","Y","Y","01918","","","","","","","","N","N","","","","","2018","67","CYCLE_2018_Philadelphia","Philadelphia","67301"
"2018078330","2","","","","","","","","","","","","","","","","","","","","U","N","N","U","2018","67","CYCLE_2018_Philadelphia","Philadelphia","67301"
"2018077489","2","","","","","","","","","","","","","","","","","","","","U","N","N","U","2018","67","CYCLE_2018_Philadelphia","Philadelphia","67301"
"2018076870","2","N","U","N","N","0","N","N","U","U","99999","","","","","","","","N","N","","","","","2018","67","CYCLE_2018_Philadelphia","Philadelphia","67301"
"2018058768","1","Y","Y","Y","Y","1","Y","Y","Y","Y","01200","","","","","","","","N","N","","","","","2018","67","CYCLE_2018_Philadelphia","Philadelphia","67301"
"2018063969","1","U","U","U","N","0","N","N","U","U","99999","U","N","0","N","N","U","U","Y","N","","","","","2018","67","CYCLE_2018_Philadelphia","Philadelphia","67301"
"2018085318","2","","","","","","","","","","","","","","","","","","","","U","N","N","U","2018","67","CYCLE_2018_Philadelphia","Philadelphia","67301"
"2018085427","2","","","","","","","","","","","","","","","","","","","","U","U","N","U","2018","67","CYCLE_2018_Philadelphia","Philadelphia","67301"
"2018081127","2","U","U","N","N","9","U","U","U","U","99999","","","","","","","","N","N","","","","","2018","67","CYCLE_2018_Philadelphia","Philadelphia","67301"
"2018095789","1","N","N","N","N","0","N","N","Y","N","99999","N","N","0","N","N","Y","N","Y","N","","","","","2018","67","CYCLE_2018_Philadelphia","Philadelphia","67301"
"2018059079","1","U","U","U","N","0","N","N","U","U","99999","","","","","","","","N","N","","","","","2018","67","CYCLE_2018_Philadelphia","Philadelphia","67301"
"2018114770","1","N","U","U","Y","0","N","N","Y","U","00150","","","","","","","","N","N","","","","","2018","67","CYCLE_2018_Philadelphia","Philadelphia","67301"
"2018102205","2","N","N","N","N","0","N","N","Y","N","00599","","","","","","","","N","N","","","","","2018","67","CYCLE_2018_Philadelphia","Philadelphia","67301"
"2018088785","2","","","","","","","","","","","","","","","","","","","","U","Y","N","U","2018","67","CYCLE_2018_Philadelphia","Philadelphia","67301"
"2018092912","1","","","","","","","","","","","","","","","","","","","","N","Y","N","N","2018","67","CYCLE_2018_Philadelphia","Philadelphia","67301"
"2018088999","3","","","","","","","","","","","","","","","","","","","","U","N","Y","U","2018","67","CYCLE_2018_Philadelphia","Philadelphia","67301"
"2018095934","2","","","","","","","","","","","","","","","","","","","","N","N","N","N","2018","67","CYCLE_2018_Philadelphia","Philadelphia","67301"
"2018098520","1","","","","","","","","","","","","","","","","","","","","U","Y","N","U","2018","67","CYCLE_2018_Philadelphia","Philadelphia","67301"
"2018132835","2","","","","","","","","","","","","","","","","","","","","N","Y","N","Y","2018","67","CYCLE_2018_Philadelphia","Philadelphia","67301"
"2018127467","1","","","","","","","","","","","","","","","","","","","","U","N","N","U","2018","67","CYCLE_2018_Philadelphia","Philadelphia","67301"
"2018095806","2","","","","","","","","","","","","","","","","","","","","U","N","N","U","2018","67","CYCLE_2018_Philadelphia","Philadelphia","67301"
"2018123439","2","","","","","","","","","","","","","","","","","","","","N","N","N","Y","2018","67","CYCLE_2018_Philadelphia","Philadelphia","67301"
"2019016454","2","","","","","","","","","","","","","","","","","","","","U","U","N","U","2018","67","CYCLE_2018_Philadelphia","Philadelphia","67301"
"2019016454","3","","","","","","","","","","","","","","","","","","","","U","U","N","U","2018","67","CYCLE_2018_Philadelphia","Philadelphia","67301"
"2018072752","3","","","","","","","","","","","","","","","","","","","","U","N","N","Y","2018","67","CYCLE_2018_Philadelphia","Philadelphia","67301"
"2018072752","2","","","","","","","","","","","","","","","","","","","","U","N","N","Y","2018","67","CYCLE_2018_Philadelphia","Philadelphia","67301"
"2018085848","2","","","","","","","","","","","","","","","","","","","","U","N","N","U","2018","67","CYCLE_2018_Philadelphia","Philadelphia","67301"
"2018085354","2","U","U","N","U","9","U","U","U","U","99999","","","","","","","","N","N","","","","","2018","67","CYCLE_2018_Philadelphia","Philadelphia","67301"
"2018055344","2","U","U","N","Y","9","U","U","U","U","99999","","","","","","","","N","N","","","","","2018","67","CYCLE_2018_Philadelphia","Philadelphia","67301"
"2018058182","1","U","U","N","Y","0","N","N","U","U","99999","","","","","","","","N","N","","","","","2018","67","CYCLE_2018_Philadelphia","Philadelphia","67301"
"2018063987","2","","","","","","","","","","","","","","","","","","","","U","N","N","U","2018","67","CYCLE_2018_Philadelphia","Philadelphia","67301"
"2018063987","1","N","U","U","N","0","N","N","U","U","99999","","","","","","","","N","N","","","","","2018","67","CYCLE_2018_Philadelphia","Philadelphia","67301"
"2018068332","2","","","","","","","","","","","","","","","","","","","","U","N","N","U","2018","67","CYCLE_2018_Philadelphia","Philadelphia","67301"
"2018079933","1","","","","","","","","","","","","","","","","","","","","U","N","N","U","2018","67","CYCLE_2018_Philadelphia","Philadelphia","67301"
"2018077398","2","","","","","","","","","","","","","","","","","","","","U","N","N","U","2018","67","CYCLE_2018_Philadelphia","Philadelphia","67301"
"2018077380","1","N","U","N","N","0","N","N","U","U","99999","","","","","","","","N","N","","","","","2018","67","CYCLE_2018_Philadelphia","Philadelphia","67301"
"2018067455","2","","","","","","","","","","","","","","","","","","","","U","N","N","U","2018","67","CYCLE_2018_Philadelphia","Philadelphia","67301"
"2018046129","1","N","Y","N","Y","3","U","Y","Y","Y","01400","","","","","","","","N","N","","","","","2018","67","CYCLE_2018_Philadelphia","Philadelphia","67301"
"2018090973","2","","","","","","","","","","","","","","","","","","","","U","U","N","U","2018","67","CYCLE_2018_Philadelphia","Philadelphia","67301"
"2018115208","2","","","","","","","","","","","","","","","","","","","","U","N","N","U","2018","67","CYCLE_2018_Philadelphia","Philadelphia","67301"
"2018109268","1","N","U","N","U","0","N","N","U","U","01000","","","","","","","","N","N","","","","","2018","67","CYCLE_2018_Philadelphia","Philadelphia","67301"
"2018109268","2","N","U","N","Y","1","Y","Y","Y","N","01000","","","","","","","","N","N","","","","","2018","67","CYCLE_2018_Philadelphia","Philadelphia","67301"
"2018085273","2","","","","","","","","","","","","","","","","","","","","U","U","N","U","2018","67","CYCLE_2018_Philadelphia","Philadelphia","67301"
"2018106811","2","","","","","","","","","","","","","","","","","","","","U","N","N","U","2018","67","CYCLE_2018_Philadelphia","Philadelphia","67301"
"2018106862","1","U","U","U","U","9","U","U","U","U","99999","","","","","","","","N","N","","","","","2018","67","CYCLE_2018_Philadelphia","Philadelphia","67301"
"2018097206","2","","","","","","","","","","","","","","","","","","","","N","Y","N","N","2018","67","CYCLE_2018_Philadelphia","Philadelphia","67301"
"2018123556","2","","","","","","","","","","","","","","","","","","","","N","N","N","U","2018","67","CYCLE_2018_Philadelphia","Philadelphia","67301"
"2018126097","1","","","","","","","","","","","","","","","","","","","","U","U","N","U","2018","67","CYCLE_2018_Philadelphia","Philadelphia","67301"
"2019000710","2","","","","","","","","","","","","","","","","","","","","U","U","N","U","2018","67","CYCLE_2018_Philadelphia","Philadelphia","67301"
"2018040109","1","","","","","","","","","","","","","","","","","","","","U","U","N","U","2018","67","CYCLE_2018_Philadelphia","Philadelphia","67301"
"2018043919","2","","","","","","","","","","","","","","","","","","","","U","N","N","U","2018","67","CYCLE_2018_Philadelphia","Philadelphia","67301"
"2018030783","1","","","","","","","","","","","","","","","","","","","","U","Y","N","U","2018","67","CYCLE_2018_Philadelphia","Philadelphia","67301"
"2018081079","2","","","","","","","","","","","","","","","","","","","","U","N","N","U","2018","67","CYCLE_2018_Philadelphia","Philadelphia","67301"
"2018059333","1","Y","Y","U","Y","3","U","Y","Y","N","01499","","","","","","","","N","N","","","","","2018","67","CYCLE_2018_Philadelphia","Philadelphia","67301"
"2018057673","2","","","","","","","","","","","","","","","","","","","","U","N","N","U","2018","67","CYCLE_2018_Philadelphia","Philadelphia","67301"
"2018054142","1","N","U","N","N","0","N","N","U","U","99999","","","","","","","","N","N","","","","","2018","67","CYCLE_2018_Philadelphia","Philadelphia","67301"
"2018050852","2","","","","","","","","","","","","","","","","","","","","N","Y","N","N","2018","67","CYCLE_2018_Philadelphia","Philadelphia","67301"
"2018098915","1","","","","","","","","","","","","","","","","","","","","U","Y","Y","U","2018","67","CYCLE_2018_Philadelphia","Philadelphia","67301"
"2018083115","1","U","U","N","N","0","N","N","U","U","99999","","","","","","","","N","U","","","","","2018","67","CYCLE_2018_Philadelphia","Philadelphia","67301"
"2018067818","2","","","","","","","","","","","","","","","","","","","","U","U","N","U","2018","67","CYCLE_2018_Philadelphia","Philadelphia","67301"
"2018058549","1","U","U","N","N","0","N","N","U","U","99999","","","","","","","","N","N","","","","","2018","67","CYCLE_2018_Philadelphia","Philadelphia","67301"
"2018085246","2","","","","","","","","","","","","","","","","","","","","U","U","N","U","2018","67","CYCLE_2018_Philadelphia","Philadelphia","67301"
"2018122031","2","","","","","","","","","","","","","","","","","","","","U","U","N","U","2018","67","CYCLE_2018_Philadelphia","Philadelphia","67301"
"2018123456","2","","","","","","","","","","","","","","","","","","","","U","U","N","U","2018","67","CYCLE_2018_Philadelphia","Philadelphia","67301"
"2018123569","2","","","","","","","","","","","","","","","","","","","","U","U","N","U","2018","67","CYCLE_2018_Philadelphia","Philadelphia","67301"
"2018127396","1","N","U","U","U","9","U","U","U","U","99999","","","","","","","","N","N","","","","","2018","67","CYCLE_2018_Philadelphia","Philadelphia","67301"
"2018122007","1","","","","","","","","","","","","","","","","","","","","U","U","N","U","2018","67","CYCLE_2018_Philadelphia","Philadelphia","67301"
"2018131132","2","","","","","","","","","","","","","","","","","","","","U","N","N","U","2018","67","CYCLE_2018_Philadelphia","Philadelphia","67301"
