"CRN","UNIT_NUM","MC_BAG_IND","MC_DVR_BOOTS_IND","MC_DVR_EDC_IND","MC_DVR_EYEPRT_IND","MC_DVR_HLMT_TYPE","MC_DVR_HLMTDOT_IND","MC_DVR_HLMTON_IND","MC_DVR_LNGPNTS_IND","MC_DVR_LNGSLV_IND","MC_ENGINE_SIZE","MC_PAS_BOOTS_IND","MC_PAS_EYEPRT_IND","MC_PAS_HLMT_TYPE","MC_PAS_HLMTDOT_IND","MC_PAS_HLMTON_IND","MC_PAS_LNGPNTS_IND","MC_PAS_LNGSLV_IND","MC_PASSNGR_IND","MC_TRAIL_IND","PC_HDLGHT_IND","PC_HLMT_IND","PC_PASSNGR_IND","PC_REAR_RFLTR_IND","CRASH_YEAR","COUNTY","COUNTY_YEAR","MUNICIPALITY"
"2008092037","1","N","N","U","Y","1","Y","Y","N","N","00600","U","U","9","U","U","U","U","N","N","","","","","2008","67","CYCLE_2008_Philadelphia","67301"
"2008050221","2","","","","","","","","","","","","","","","","","","","","U","N","N","U","2008","67","CYCLE_2008_Philadelphia","67301"
"2008050255","1","U","U","U","U","9","U","U","U","U","99999","","","","","","","","N","U","","","","","2008","67","CYCLE_2008_Philadelphia","67301"
"2008050267","2","","","","","","","","","","","","","","","","","","","","U","N","N","U","2008","67","CYCLE_2008_Philadelphia","67301"
"2008050473","1","","","","","","","","","","","","","","","","","","","","N","N","N","N","2008","67","CYCLE_2008_Philadelphia","67301"
"2008050627","2","","","","","","","","","","","","","","","","","","","","U","N","N","U","2008","67","CYCLE_2008_Philadelphia","67301"
"2008050778","2","","","","","","","","","","","","","","","","","","","","U","U","N","U","2008","67","CYCLE_2008_Philadelphia","67301"
"2008050787","1","","","","","","","","","","","","","","","","","","","","N","N","N","Y","2008","67","CYCLE_2008_Philadelphia","67301"
"2008050843","2","","","","","","","","","","","","","","","","","","","","U","N","N","U","2008","67","CYCLE_2008_Philadelphia","67301"
"2008051413","2","","","","","","","","","","","","","","","","","","","","U","N","N","U","2008","67","CYCLE_2008_Philadelphia","67301"
"2008051612","2","","","","","","","","","","","","","","","","","","","","N","N","N","N","2008","67","CYCLE_2008_Philadelphia","67301"
"2008051625","2","U","U","U","N","0","N","N","U","U","99999","","","","","","","","N","N","","","","","2008","67","CYCLE_2008_Philadelphia","67301"
"2008052213","2","","","","","","","","","","","","","","","","","","","","N","N","N","U","2008","67","CYCLE_2008_Philadelphia","67301"
"2008052446","1","N","Y","Y","Y","1","Y","Y","Y","N","00600","U","U","9","U","U","U","U","N","N","","","","","2008","67","CYCLE_2008_Philadelphia","67301"
"2008052919","1","N","N","U","Y","1","Y","Y","Y","Y","00600","N","Y","1","Y","Y","Y","Y","Y","N","","","","","2008","67","CYCLE_2008_Philadelphia","67301"
"2008052919","2","N","Y","Y","Y","1","Y","Y","Y","Y","01000","N","Y","1","Y","Y","Y","Y","Y","N","","","","","2008","67","CYCLE_2008_Philadelphia","67301"
"2008054070","2","","","","","","","","","","","","","","","","","","","","U","N","N","U","2008","67","CYCLE_2008_Philadelphia","67301"
"2008094801","1","","","","","","","","","","","","","","","","","","","","N","N","N","U","2008","67","CYCLE_2008_Philadelphia","67301"
"2008094805","2","","","","","","","","","","","","","","","","","","","","U","U","N","U","2008","67","CYCLE_2008_Philadelphia","67301"
"2008094814","2","","","","","","","","","","","","","","","","","","","","U","N","N","U","2008","67","CYCLE_2008_Philadelphia","67301"
"2008094820","1","","","","","","","","","","","","","","","","","","","","U","U","N","U","2008","67","CYCLE_2008_Philadelphia","67301"
"2008094835","2","","","","","","","","","","","","","","","","","","","","U","Y","N","U","2008","67","CYCLE_2008_Philadelphia","67301"
"2008094840","2","","","","","","","","","","","","","","","","","","","","U","N","N","U","2008","67","CYCLE_2008_Philadelphia","67301"
"2008094841","2","","","","","","","","","","","","","","","","","","","","N","Y","N","U","2008","67","CYCLE_2008_Philadelphia","67301"
"2008094847","2","N","U","N","N","0","N","N","U","U","99999","","","","","","","","N","N","","","","","2008","67","CYCLE_2008_Philadelphia","67301"
"2008094857","1","","","","","","","","","","","","","","","","","","","","N","N","N","U","2008","67","CYCLE_2008_Philadelphia","67301"
"2008094860","2","","","","","","","","","","","","","","","","","","","","U","U","N","U","2008","67","CYCLE_2008_Philadelphia","67301"
"2008095048","2","","","","","","","","","","","","","","","","","","","","U","N","N","U","2008","67","CYCLE_2008_Philadelphia","67301"
"2008095232","2","Y","Y","Y","U","0","","","Y","U","99999","","","","","","","","N","U","","","","","2008","67","CYCLE_2008_Philadelphia","67301"
"2008095235","1","","","","","","","","","","","","","","","","","","","","U","N","N","U","2008","67","CYCLE_2008_Philadelphia","67301"
"2008095239","1","U","U","U","U","9","U","U","U","U","01000","","","","","","","","N","U","","","","","2008","67","CYCLE_2008_Philadelphia","67301"
"2008095240","1","U","N","U","N","0","","","Y","N","99999","","","","","","","","N","U","","","","","2008","67","CYCLE_2008_Philadelphia","67301"
"2008095278","1","","","","","","","","","","","","","","","","","","","","U","Y","N","U","2008","67","CYCLE_2008_Philadelphia","67301"
"2008095284","1","","","","","","","","","","","","","","","","","","","","N","N","N","N","2008","67","CYCLE_2008_Philadelphia","67301"
"2008095301","1","U","U","U","U","0","N","N","U","U","99999","","","","","","","","N","U","","","","","2008","67","CYCLE_2008_Philadelphia","67301"
"2008095303","2","","","","","","","","","","","","","","","","","","","","U","U","N","U","2008","67","CYCLE_2008_Philadelphia","67301"
"2008095307","2","","","","","","","","","","","","","","","","","","","","U","U","N","U","2008","67","CYCLE_2008_Philadelphia","67301"
"2008095367","2","U","U","U","N","0","N","N","U","U","99999","","","","","","","","N","U","","","","","2008","67","CYCLE_2008_Philadelphia","67301"
"2008095451","1","","","","","","","","","","","","","","","","","","","","N","N","N","N","2008","67","CYCLE_2008_Philadelphia","67301"
"2008095456","2","","","","","","","","","","","","","","","","","","","","U","N","N","U","2008","67","CYCLE_2008_Philadelphia","67301"
"2008095536","2","U","U","U","U","9","U","U","U","U","99999","","","","","","","","N","U","","","","","2008","67","CYCLE_2008_Philadelphia","67301"
"2008095550","2","","","","","","","","","","","","","","","","","","","","U","N","N","U","2008","67","CYCLE_2008_Philadelphia","67301"
"2008095554","1","U","U","U","U","9","U","U","U","U","99999","","","","","","","","N","U","","","","","2008","67","CYCLE_2008_Philadelphia","67301"
"2008095560","1","U","U","U","U","0","N","N","U","U","99999","","","","","","","","U","U","","","","","2008","67","CYCLE_2008_Philadelphia","67301"
"2008095580","2","","","","","","","","","","","","","","","","","","","","N","N","N","Y","2008","67","CYCLE_2008_Philadelphia","67301"
"2008095581","2","","","","","","","","","","","","","","","","","","","","N","Y","N","Y","2008","67","CYCLE_2008_Philadelphia","67301"
"2008095583","1","","","","","","","","","","","","","","","","","","","","U","N","N","U","2008","67","CYCLE_2008_Philadelphia","67301"
"2008095584","2","","","","","","","","","","","","","","","","","","","","U","N","N","U","2008","67","CYCLE_2008_Philadelphia","67301"
"2008095598","1","U","U","U","U","9","U","U","U","U","99999","U","U","9","U","U","U","U","Y","U","","","","","2008","67","CYCLE_2008_Philadelphia","67301"
"2008095602","2","","","","","","","","","","","","","","","","","","","","U","N","N","U","2008","67","CYCLE_2008_Philadelphia","67301"
"2008095673","1","U","U","U","Y","9","U","U","U","U","99999","","","","","","","","N","U","","","","","2008","67","CYCLE_2008_Philadelphia","67301"
"2008095681","1","U","U","U","U","9","U","U","U","U","99999","","","","","","","","N","U","","","","","2008","67","CYCLE_2008_Philadelphia","67301"
"2008095684","2","","","","","","","","","","","","","","","","","","","","U","U","N","U","2008","67","CYCLE_2008_Philadelphia","67301"
"2008095686","1","","","","","","","","","","","","","","","","","","","","U","N","N","U","2008","67","CYCLE_2008_Philadelphia","67301"
"2008095704","2","","","","","","","","","","","","","","","","","","","","U","U","N","U","2008","67","CYCLE_2008_Philadelphia","67301"
"2008095706","1","N","Y","Y","Y","1","Y","Y","Y","N","00600","","","","","","","","N","N","","","","","2008","67","CYCLE_2008_Philadelphia","67301"
"2008095718","1","U","U","U","N","0","N","N","U","U","99999","","","","","","","","N","U","","","","","2008","67","CYCLE_2008_Philadelphia","67301"
"2008095720","2","","","","","","","","","","","","","","","","","","","","U","U","N","U","2008","67","CYCLE_2008_Philadelphia","67301"
"2008095722","1","","","","","","","","","","","","","","","","","","","","U","U","N","U","2008","67","CYCLE_2008_Philadelphia","67301"
"2008095912","2","","","","","","","","","","","","","","","","","","","","N","N","N","Y","2008","67","CYCLE_2008_Philadelphia","67301"
"2008095913","2","","","","","","","","","","","","","","","","","","","","N","N","N","N","2008","67","CYCLE_2008_Philadelphia","67301"
"2008095914","2","","","","","","","","","","","","","","","","","","","","N","N","N","Y","2008","67","CYCLE_2008_Philadelphia","67301"
"2008095918","2","","","","","","","","","","","","","","","","","","","","N","N","N","U","2008","67","CYCLE_2008_Philadelphia","67301"
"2008095919","2","","","","","","","","","","","","","","","","","","","","N","N","N","N","2008","67","CYCLE_2008_Philadelphia","67301"
"2008096052","2","","","","","","","","","","","","","","","","","","","","U","U","N","U","2008","67","CYCLE_2008_Philadelphia","67301"
"2008096070","2","","","","","","","","","","","","","","","","","","U","","","","","","2008","67","CYCLE_2008_Philadelphia","67301"
"2008096073","2","","","","","","","","","","","","","","","","","","","","U","Y","U","U","2008","67","CYCLE_2008_Philadelphia","67301"
"2008096081","1","","","","","","","","","","","","","","","","","","","","U","N","N","U","2008","67","CYCLE_2008_Philadelphia","67301"
"2008096085","2","U","N","U","U","9","U","U","Y","N","99999","","","","","","","","N","U","","","","","2008","67","CYCLE_2008_Philadelphia","67301"
"2008096087","2","","","","","","","","","","","","","","","","","","","","U","N","N","U","2008","67","CYCLE_2008_Philadelphia","67301"
"2008096092","1","U","U","U","U","9","U","U","U","U","99999","","","","","","","","N","U","","","","","2008","67","CYCLE_2008_Philadelphia","67301"
"2008096093","1","N","U","U","U","9","U","U","U","N","00900","","","","","","","","N","N","","","","","2008","67","CYCLE_2008_Philadelphia","67301"
"2008097404","2","","","","","","","","","","","","","","","","","","","","U","N","N","U","2008","67","CYCLE_2008_Philadelphia","67301"
"2008097405","2","","","","","","","","","","","","","","","","","","","","U","N","N","U","2008","67","CYCLE_2008_Philadelphia","67301"
"2008097408","2","","","","","","","","","","","","","","","","","","","","U","U","N","U","2008","67","CYCLE_2008_Philadelphia","67301"
"2008097409","2","","","","","","","","","","","","","","","","","","","","N","N","N","U","2008","67","CYCLE_2008_Philadelphia","67301"
"2008097422","2","U","U","U","U","9","U","U","U","U","99999","","","","","","","","N","U","","","","","2008","67","CYCLE_2008_Philadelphia","67301"
"2008097429","2","U","U","U","U","9","U","U","U","U","99999","","","","","","","","U","U","","","","","2008","67","CYCLE_2008_Philadelphia","67301"
"2008097441","2","","","","","","","","","","","","","","","","","","","","U","U","N","U","2008","67","CYCLE_2008_Philadelphia","67301"
"2008097443","1","U","U","U","U","9","U","U","U","U","99999","","","","","","","","N","U","","","","","2008","67","CYCLE_2008_Philadelphia","67301"
"2008097444","2","","","","","","","","","","","","","","","","","","","","U","U","N","U","2008","67","CYCLE_2008_Philadelphia","67301"
"2008097454","2","","","","","","","","","","","","","","","","","","","","U","U","N","U","2008","67","CYCLE_2008_Philadelphia","67301"
"2008097456","1","","","","","","","","","","","","","","","","","","","","N","N","N","U","2008","67","CYCLE_2008_Philadelphia","67301"
"2008097457","1","","","","","","","","","","","","","","","","","","","","N","N","N","U","2008","67","CYCLE_2008_Philadelphia","67301"
"2008097484","2","","","","","","","","","","","","","","","","","","","","U","U","N","U","2008","67","CYCLE_2008_Philadelphia","67301"
"2008097490","2","","","","","","","","","","","","","","","","","","","","U","Y","N","U","2008","67","CYCLE_2008_Philadelphia","67301"
"2008097524","1","U","U","N","U","9","U","U","U","U","99999","","","","","","","","N","U","","","","","2008","67","CYCLE_2008_Philadelphia","67301"
"2008097528","2","U","U","N","N","0","N","N","U","U","99999","","","","","","","","N","U","","","","","2008","67","CYCLE_2008_Philadelphia","67301"
"2008097567","2","U","U","U","Y","9","U","Y","U","U","99999","","","","","","","","N","U","","","","","2008","67","CYCLE_2008_Philadelphia","67301"
"2008097589","1","U","U","U","U","9","U","U","U","U","99999","","","","","","","","N","U","","","","","2008","67","CYCLE_2008_Philadelphia","67301"
"2008097842","1","Y","U","U","U","0","","","Y","U","01000","","","","","","","","N","U","","","","","2008","67","CYCLE_2008_Philadelphia","67301"
"2008097854","1","U","U","U","U","9","U","U","U","U","99999","U","U","9","U","U","U","U","Y","U","","","","","2008","67","CYCLE_2008_Philadelphia","67301"
"2008097874","2","","","","","","","","","","","","","","","","","","","","U","U","U","U","2008","67","CYCLE_2008_Philadelphia","67301"
"2008097878","2","","","","","","","","","","","","","","","","","","","","U","N","N","U","2008","67","CYCLE_2008_Philadelphia","67301"
"2008097884","1","","","","","","","","","","","","","","","","","","","","N","N","N","Y","2008","67","CYCLE_2008_Philadelphia","67301"
"2008097886","2","","","","","","","","","","","","","","","","","","","","U","U","N","U","2008","67","CYCLE_2008_Philadelphia","67301"
"2008097887","1","","","","","","","","","","","","","","","","","","","","U","U","N","U","2008","67","CYCLE_2008_Philadelphia","67301"
"2008097890","2","","","","","","","","","","","","","","","","","","","","U","N","N","U","2008","67","CYCLE_2008_Philadelphia","67301"
"2008097896","2","","","","","","","","","","","","","","","","","","","","N","N","N","N","2008","67","CYCLE_2008_Philadelphia","67301"
"2008097909","2","","","","","","","","","","","","","","","","","","","","U","N","N","U","2008","67","CYCLE_2008_Philadelphia","67301"
"2008097911","2","","","","","","","","","","","","","","","","","","","","U","U","N","U","2008","67","CYCLE_2008_Philadelphia","67301"
"2008098898","1","N","N","N","Y","1","Y","Y","Y","N","00600","U","U","9","U","U","U","U","N","N","","","","","2008","67","CYCLE_2008_Philadelphia","67301"
"2008099059","1","","","","","","","","","","","","","","","","","","","","U","N","N","U","2008","67","CYCLE_2008_Philadelphia","67301"
"2008099060","2","","","","","","","","","","","","","","","","","","","","U","N","N","U","2008","67","CYCLE_2008_Philadelphia","67301"
"2008099063","2","","","","","","","","","","","","","","","","","","","","N","U","N","U","2008","67","CYCLE_2008_Philadelphia","67301"
"2008099220","1","U","U","U","N","0","N","N","U","U","99999","","","","","","","","N","U","","","","","2008","67","CYCLE_2008_Philadelphia","67301"
"2008099225","1","N","N","N","N","0","N","N","N","N","99999","","","","","","","","N","N","","","","","2008","67","CYCLE_2008_Philadelphia","67301"
"2008099226","1","N","U","U","Y","1","Y","Y","Y","N","99999","","","","","","","","N","N","","","","","2008","67","CYCLE_2008_Philadelphia","67301"
"2008099227","2","U","U","U","U","1","U","U","Y","Y","99999","U","U","1","U","U","Y","Y","Y","U","Y","Y","Y","Y","2008","67","CYCLE_2008_Philadelphia","67301"
"2008099246","1","U","U","U","U","9","U","U","U","U","99999","","","","","","","","N","U","","","","","2008","67","CYCLE_2008_Philadelphia","67301"
"2008099254","2","","","","","","","","","","","","","","","","","","","","U","N","N","U","2008","67","CYCLE_2008_Philadelphia","67301"
"2008099257","1","N","N","U","Y","0","U","U","Y","N","00250","","","","","","","","N","N","","","","","2008","67","CYCLE_2008_Philadelphia","67301"
"2008099262","1","Y","U","U","U","9","U","U","U","U","01340","","","","","","","","U","U","","","","","2008","67","CYCLE_2008_Philadelphia","67301"
"2008099264","2","U","U","U","N","0","N","N","U","U","99999","","","","","","","","N","U","","","","","2008","67","CYCLE_2008_Philadelphia","67301"
"2008099266","1","U","U","U","N","0","N","N","U","U","99999","","","","","","","","N","U","","","","","2008","67","CYCLE_2008_Philadelphia","67301"
"2008099270","2","","","","","","","","","","","","","","","","","","","","N","N","N","U","2008","67","CYCLE_2008_Philadelphia","67301"
"2008099272","1","N","Y","N","Y","0","","","Y","Y","00900","","","","","","","","N","N","","","","","2008","67","CYCLE_2008_Philadelphia","67301"
"2008099273","1","U","U","U","Y","1","Y","Y","Y","Y","01100","","","","","","","","N","U","","","","","2008","67","CYCLE_2008_Philadelphia","67301"
"2008099276","1","N","N","N","N","0","N","N","U","N","00650","","","","","","","","N","N","Y","N","N","Y","2008","67","CYCLE_2008_Philadelphia","67301"
"2008099293","2","","N","","N","0","","","Y","N","","N","N","0","","","Y","N","","","N","N","Y","N","2008","67","CYCLE_2008_Philadelphia","67301"
"2008099299","1","U","Y","Y","Y","0","N","N","Y","N","99999","","","","","","","","N","U","","","","","2008","67","CYCLE_2008_Philadelphia","67301"
"2008099301","2","","","","","","","","","","","","","","","","","","","","U","N","N","U","2008","67","CYCLE_2008_Philadelphia","67301"
"2008099593","1","U","U","U","N","0","N","N","U","U","99999","","","","","","","","N","U","","","","","2008","67","CYCLE_2008_Philadelphia","67301"
"2008099594","2","U","U","U","U","9","U","U","U","U","99999","","","","","","","","N","U","","","","","2008","67","CYCLE_2008_Philadelphia","67301"
"2008063157","2","N","Y","Y","Y","3","Y","Y","Y","Y","01200","U","U","9","U","U","U","U","N","N","","","","","2008","67","CYCLE_2008_Philadelphia","67301"
"2008063289","1","N","Y","U","Y","1","U","Y","Y","Y","00600","U","U","9","U","U","U","U","N","N","","","","","2008","67","CYCLE_2008_Philadelphia","67301"
"2008063398","1","N","Y","Y","Y","1","Y","Y","Y","Y","01000","U","U","9","U","U","U","U","N","N","","","","","2008","67","CYCLE_2008_Philadelphia","67301"
"2008063502","2","","","","","","","","","","","","","","","","","","","","U","U","N","U","2008","67","CYCLE_2008_Philadelphia","67301"
"2008073506","1","","","","","","","","","","","","","","","","","","","","N","N","N","Y","2008","67","CYCLE_2008_Philadelphia","67301"
"2008073924","2","U","Y","U","Y","3","U","U","Y","Y","00901","U","U","9","U","U","U","U","N","N","","","","","2008","67","CYCLE_2008_Philadelphia","67301"
"2008073984","2","","","","","","","","","","","","","","","","","","","","N","Y","N","Y","2008","67","CYCLE_2008_Philadelphia","67301"
"2008074468","1","N","N","U","Y","1","N","Y","Y","N","00600","U","U","9","U","U","U","U","N","N","","","","","2008","67","CYCLE_2008_Philadelphia","67301"
"2008107695","1","Y","Y","U","U","3","Y","Y","Y","U","00883","","","","","","","","N","Y","Y","Y","N","N","2008","67","CYCLE_2008_Philadelphia","67301"
"2008107752","1","","","","","","","","","","","","","","","","","","","","U","N","N","U","2008","67","CYCLE_2008_Philadelphia","67301"
"2008107754","1","","","","","","","","","","","","","","","","","","","","U","N","N","U","2008","67","CYCLE_2008_Philadelphia","67301"
"2008107893","1","U","U","U","U","9","U","U","U","U","99999","","","","","","","","N","U","","","","","2008","67","CYCLE_2008_Philadelphia","67301"
"2008107905","2","","","","","","","","","","","","","","","","","","","","U","U","N","U","2008","67","CYCLE_2008_Philadelphia","67301"
"2008107934","2","","","","","","","","","","","","","","","","","","","","N","U","N","U","2008","67","CYCLE_2008_Philadelphia","67301"
"2008107936","1","","","","","","","","","","","","","","","","","","","","U","N","N","U","2008","67","CYCLE_2008_Philadelphia","67301"
"2008107940","1","","","","","","","","","","","","","","","","","","","","U","N","N","U","2008","67","CYCLE_2008_Philadelphia","67301"
"2008107982","2","","","","","","","","","","","","","","","","","","","","U","N","N","U","2008","67","CYCLE_2008_Philadelphia","67301"
"2008107988","2","","","","","","","","","","","","","","","","","","","","N","N","N","U","2008","67","CYCLE_2008_Philadelphia","67301"
"2008107994","2","","","","","","","","","","","","","","","","","","","","U","U","N","U","2008","67","CYCLE_2008_Philadelphia","67301"
"2008107998","1","U","U","U","U","9","U","U","U","U","99999","","","","","","","","N","U","","","","","2008","67","CYCLE_2008_Philadelphia","67301"
"2008108002","2","","","","","","","","","","","","","","","","","","","","U","N","N","U","2008","67","CYCLE_2008_Philadelphia","67301"
"2008061187","2","","","","","","","","","","","","","","","","","","","","U","U","N","U","2008","67","CYCLE_2008_Philadelphia","67301"
"2008062185","1","","","","","","","","","","","","","","","","","","","","U","U","N","U","2008","67","CYCLE_2008_Philadelphia","67301"
"2008062186","2","U","U","U","U","9","U","U","U","U","99999","","","","","","","","N","U","","","","","2008","67","CYCLE_2008_Philadelphia","67301"
"2008136720","1","Y","Y","Y","Y","2","Y","Y","Y","Y","01100","U","U","9","U","U","U","U","N","N","","","","","2008","67","CYCLE_2008_Philadelphia","67301"
"2008069471","1","U","U","U","U","9","U","U","U","U","99999","","","","","","","","U","U","","","","","2008","67","CYCLE_2008_Philadelphia","67301"
"2008069531","1","","","","","","","","","","","","","","","","","","","","U","U","U","U","2008","67","CYCLE_2008_Philadelphia","67301"
"2008069544","1","U","U","U","N","9","U","U","U","U","99999","","","","","","","","N","U","","","","","2008","67","CYCLE_2008_Philadelphia","67301"
"2008069665","2","","","","","","","","","","","","","","","","","","","","U","U","N","U","2008","67","CYCLE_2008_Philadelphia","67301"
"2008069701","2","U","U","U","N","0","N","N","U","U","99999","","","","","","","","N","U","","","","","2008","67","CYCLE_2008_Philadelphia","67301"
"2008070537","1","N","Y","N","Y","1","Y","Y","Y","Y","00600","U","U","9","U","U","U","U","N","N","","","","","2008","67","CYCLE_2008_Philadelphia","67301"
"2008040039","2","","","","","","","","","","","","","","","","","","","","N","N","N","N","2008","67","CYCLE_2008_Philadelphia","67301"
"2008040042","2","","","","","","","","","","","","","","","","","","","","U","N","N","U","2008","67","CYCLE_2008_Philadelphia","67301"
"2008040132","1","U","U","U","N","0","N","N","U","U","99999","","","","","","","","N","U","","","","","2008","67","CYCLE_2008_Philadelphia","67301"
"2008040758","2","U","U","U","U","9","U","U","U","U","99999","","","","","","","","N","U","","","","","2008","67","CYCLE_2008_Philadelphia","67301"
"2008040795","1","U","U","U","N","0","N","N","U","U","99999","","","","","","","","N","U","","","","","2008","67","CYCLE_2008_Philadelphia","67301"
"2008042093","1","","","","","","","","","","","","","","","","","","","","N","N","N","N","2008","67","CYCLE_2008_Philadelphia","67301"
"2008042184","1","","","","","","","","","","","","","","","","","","","","U","N","N","U","2008","67","CYCLE_2008_Philadelphia","67301"
"2008042187","2","","","","","","","","","","","","","","","","","","","","U","Y","N","U","2008","67","CYCLE_2008_Philadelphia","67301"
"2008100548","2","","","","","","","","","","","","","","","","","","","","N","N","N","Y","2008","67","CYCLE_2008_Philadelphia","67301"
"2008100568","1","U","U","U","N","0","N","N","U","U","99999","","","","","","","","N","U","","","","","2008","67","CYCLE_2008_Philadelphia","67301"
"2008100571","1","","","","","","","","","","","","","","","","","","","","U","N","N","U","2008","67","CYCLE_2008_Philadelphia","67301"
"2008100574","1","","","","","","","","","","","","","","","","","","","","N","N","N","Y","2008","67","CYCLE_2008_Philadelphia","67301"
"2008101052","2","","","","","","","","","","","","","","","","","","","","U","N","N","U","2008","67","CYCLE_2008_Philadelphia","67301"
"2008101185","1","N","Y","U","U","0","Y","","Y","Y","01100","","","","","","","","N","N","","","","","2008","67","CYCLE_2008_Philadelphia","67301"
"2008101186","1","N","N","U","U","0","","","N","N","00750","","","","","","","","N","N","","","","","2008","67","CYCLE_2008_Philadelphia","67301"
"2008101784","1","N","N","N","N","3","N","Y","Y","Y","00600","U","U","9","U","U","U","U","N","N","","","","","2008","67","CYCLE_2008_Philadelphia","67301"
"2008101806","1","N","Y","N","Y","1","Y","Y","Y","Y","01200","U","U","9","U","U","U","U","N","N","","","","","2008","67","CYCLE_2008_Philadelphia","67301"
"2008108008","1","","","","","","","","","","","","","","","","","","","","U","N","N","U","2008","67","CYCLE_2008_Philadelphia","67301"
"2008108013","2","","","","","","","","","","","","","","","","","","","","U","N","N","U","2008","67","CYCLE_2008_Philadelphia","67301"
"2008108346","2","U","U","U","N","0","N","N","U","U","99999","","","","","","","","N","U","","","","","2008","67","CYCLE_2008_Philadelphia","67301"
"2008108450","1","U","U","U","N","0","N","N","U","U","99999","","","","","","","","N","U","","","","","2008","67","CYCLE_2008_Philadelphia","67301"
"2008108458","1","U","U","U","N","0","N","N","U","U","99999","","","","","","","","N","U","","","","","2008","67","CYCLE_2008_Philadelphia","67301"
"2008108473","2","U","U","U","U","9","U","U","U","U","99999","","","","","","","","N","U","","","","","2008","67","CYCLE_2008_Philadelphia","67301"
"2008108485","1","U","U","U","N","0","N","N","U","U","99999","","","","","","","","N","U","","","","","2008","67","CYCLE_2008_Philadelphia","67301"
"2008108489","1","U","U","U","U","9","U","U","U","U","99999","","","","","","","","N","U","","","","","2008","67","CYCLE_2008_Philadelphia","67301"
"2008108564","2","","","","","","","","","","","","","","","","","","","","U","U","N","U","2008","67","CYCLE_2008_Philadelphia","67301"
"2008108569","1","U","U","U","U","9","U","U","U","U","99999","","","","","","","","N","U","","","","","2008","67","CYCLE_2008_Philadelphia","67301"
"2008108570","2","","","","","","","","","","","","","","","","","","","","U","Y","N","U","2008","67","CYCLE_2008_Philadelphia","67301"
"2008108586","2","","","","","","","","","","","","","","","","","","","","U","U","N","U","2008","67","CYCLE_2008_Philadelphia","67301"
"2008108590","1","U","U","U","U","9","U","U","U","U","99999","","","","","","","","N","U","","","","","2008","67","CYCLE_2008_Philadelphia","67301"
"2008108606","1","U","U","U","N","0","N","N","U","U","99999","U","N","0","N","N","U","U","Y","N","","","","","2008","67","CYCLE_2008_Philadelphia","67301"
"2008108614","1","U","U","U","N","0","N","N","U","U","99999","","","","","","","","N","U","","","","","2008","67","CYCLE_2008_Philadelphia","67301"
"2008108618","2","","","","","","","","","","","","","","","","","","","","N","N","N","Y","2008","67","CYCLE_2008_Philadelphia","67301"
"2008108624","2","","","","","","","","","","","","","","","","","","","","N","N","N","Y","2008","67","CYCLE_2008_Philadelphia","67301"
"2008108629","2","U","U","U","N","0","N","N","U","U","99999","U","N","0","N","N","U","U","Y","U","","","","","2008","67","CYCLE_2008_Philadelphia","67301"
"2008108645","2","","","","","","","","","","","","","","","","","","","","U","Y","N","U","2008","67","CYCLE_2008_Philadelphia","67301"
"2008108649","2","","","","","","","","","","","","","","","","","","","","U","N","N","U","2008","67","CYCLE_2008_Philadelphia","67301"
"2008108655","2","","","","","","","","","","","","","","","","","","","","U","N","N","U","2008","67","CYCLE_2008_Philadelphia","67301"
"2008108660","2","","","","","","","","","","","","","","","","","","","","U","N","N","U","2008","67","CYCLE_2008_Philadelphia","67301"
"2008108674","1","","","","","","","","","","","","","","","","","","","","U","N","N","U","2008","67","CYCLE_2008_Philadelphia","67301"
"2008108679","2","","","","","","","","","","","","","","","","","","","","U","N","N","U","2008","67","CYCLE_2008_Philadelphia","67301"
"2008108680","1","","","","","","","","","","","","","","","","","","","","U","N","N","U","2008","67","CYCLE_2008_Philadelphia","67301"
"2008108684","2","","","","","","","","","","","","","","","","","","","","U","U","Y","U","2008","67","CYCLE_2008_Philadelphia","67301"
"2008108945","1","Y","N","N","N","0","","","Y","N","99999","N","N","0","N","N","Y","N","Y","N","","","","","2008","67","CYCLE_2008_Philadelphia","67301"
"2008108949","2","N","U","N","Y","0","","U","","U","00600","","","","","","","","N","N","","","","","2008","67","CYCLE_2008_Philadelphia","67301"
"2008108962","2","U","U","U","N","0","N","N","U","U","99999","","","","","","","","N","U","","","","","2008","67","CYCLE_2008_Philadelphia","67301"
"2008108964","1","U","U","U","U","9","U","U","U","U","99999","","","","","","","","N","U","","","","","2008","67","CYCLE_2008_Philadelphia","67301"
"2008108969","1","","","","","","","","","","","","","","","","","","","","U","U","N","U","2008","67","CYCLE_2008_Philadelphia","67301"
"2008108970","1","N","N","N","N","0","","","","N","","","","","","","","","N","N","N","N","N","N","2008","67","CYCLE_2008_Philadelphia","67301"
"2008108971","1","","","","","","","","","","","","","","","","","","U","","N","Y","N","U","2008","67","CYCLE_2008_Philadelphia","67301"
"2008108977","1","Y","N","N","N","0","","","Y","N","99999","","","","","","","","N","N","","","","","2008","67","CYCLE_2008_Philadelphia","67301"
"2008109108","2","","","","","","","","","","","","","","","","","","","","","","U","","2008","67","CYCLE_2008_Philadelphia","67301"
"2008109634","1","Y","Y","Y","Y","1","Y","Y","Y","Y","00250","U","U","9","U","U","U","U","N","N","","","","","2008","67","CYCLE_2008_Philadelphia","67301"
"2008110438","1","N","Y","Y","Y","0","N","N","Y","Y","01500","U","U","9","U","U","U","U","N","N","","","","","2008","67","CYCLE_2008_Philadelphia","67301"
"2008116424","1","U","U","U","U","9","U","U","U","U","99999","","","","","","","","N","N","","","","","2008","67","CYCLE_2008_Philadelphia","67301"
"2008116425","1","N","U","U","U","1","U","U","U","U","99999","","","","","","","","N","N","","","","","2008","67","CYCLE_2008_Philadelphia","67301"
"2008118530","2","","","","","","","","","","","","","","","","","","","","U","U","N","U","2008","67","CYCLE_2008_Philadelphia","67301"
"2008118535","2","U","U","U","U","9","U","U","U","U","99999","","","","","","","","N","U","","","","","2008","67","CYCLE_2008_Philadelphia","67301"
"2008118554","2","","","","","","","","","","","","","","","","","","","","U","U","N","U","2008","67","CYCLE_2008_Philadelphia","67301"
"2008118560","2","","","","","","","","","","","","","","","","","","","","U","N","N","U","2008","67","CYCLE_2008_Philadelphia","67301"
"2008118568","2","","","","","","","","","","","","","","","","","","","","U","N","N","U","2008","67","CYCLE_2008_Philadelphia","67301"
"2008118586","2","","","","","","","","","","","","","","","","","","","","U","N","N","U","2008","67","CYCLE_2008_Philadelphia","67301"
"2008118884","1","U","U","U","N","0","N","N","U","U","99999","","","","","","","","N","U","","","","","2008","67","CYCLE_2008_Philadelphia","67301"
"2008118895","2","","","","","","","","","","","","","","","","","","","","N","Y","N","Y","2008","67","CYCLE_2008_Philadelphia","67301"
"2008118900","2","","","","","","","","","","","","","","","","","","","","U","N","N","U","2008","67","CYCLE_2008_Philadelphia","67301"
"2008118925","1","","","","","","","","","","","","","","","","","","","","N","N","N","N","2008","67","CYCLE_2008_Philadelphia","67301"
"2008118929","2","","","","","","","","","","","","","","","","","","","","N","N","N","N","2008","67","CYCLE_2008_Philadelphia","67301"
"2008118947","2","","","","","","","","","","","","","","","","","","","","U","U","N","U","2008","67","CYCLE_2008_Philadelphia","67301"
"2008118955","2","","","","","","","","","","","","","","","","","","","","U","U","N","U","2008","67","CYCLE_2008_Philadelphia","67301"
"2008118983","2","","","","","","","","","","","","","","","","","","","","U","U","U","U","2008","67","CYCLE_2008_Philadelphia","67301"
"2008119005","1","","","","","","","","","","","","","","","","","","","","Y","Y","N","Y","2008","67","CYCLE_2008_Philadelphia","67301"
"2008119012","2","","","","","","","","","","","","","","","","","","","","U","N","N","U","2008","67","CYCLE_2008_Philadelphia","67301"
"2008119020","1","U","U","U","N","0","N","N","U","U","99999","U","N","0","N","N","U","U","Y","U","","","","","2008","67","CYCLE_2008_Philadelphia","67301"
"2008119070","1","","","","","","","","","","","","","","","","","","","","U","U","N","U","2008","67","CYCLE_2008_Philadelphia","67301"
"2008119073","2","Y","N","N","Y","2","Y","Y","N","N","00850","","","","","","","","N","N","","","","","2008","67","CYCLE_2008_Philadelphia","67301"
"2008119101","1","U","U","U","N","0","N","N","U","U","99999","","","","","","","","N","U","","","","","2008","67","CYCLE_2008_Philadelphia","67301"
"2008119119","1","U","U","U","U","9","U","U","U","U","99999","","","","","","","","U","U","","","","","2008","67","CYCLE_2008_Philadelphia","67301"
"2008119121","2","","","","","","","","","","","","","","","","","","","","U","U","N","U","2008","67","CYCLE_2008_Philadelphia","67301"
"2008119122","1","","","","","","","","","","","","","","","","","","","","U","N","N","U","2008","67","CYCLE_2008_Philadelphia","67301"
"2008119135","1","U","U","U","N","0","N","N","U","U","99999","","","","","","","","N","N","","","","","2008","67","CYCLE_2008_Philadelphia","67301"
"2008119145","2","","","","","","","","","","","","","","","","","","","","N","Y","N","Y","2008","67","CYCLE_2008_Philadelphia","67301"
"2008119159","2","U","U","U","N","0","N","N","U","U","99999","","","","","","","","N","U","","","","","2008","67","CYCLE_2008_Philadelphia","67301"
"2008119162","2","U","U","U","U","9","U","U","U","U","99999","","","","","","","","N","U","","","","","2008","67","CYCLE_2008_Philadelphia","67301"
"2008119193","2","","","","","","","","","","","","","","","","","","","","U","U","Y","U","2008","67","CYCLE_2008_Philadelphia","67301"
"2008119214","2","","","","","","","","","","","","","","","","","","","","U","Y","U","U","2008","67","CYCLE_2008_Philadelphia","67301"
"2008119225","2","","","","","","","","","","","","","","","","","","","","U","U","N","U","2008","67","CYCLE_2008_Philadelphia","67301"
"2008119236","2","","","","","","","","","","","","","","","","","","","","U","N","N","U","2008","67","CYCLE_2008_Philadelphia","67301"
"2008119287","1","U","U","U","N","9","U","U","U","U","99999","","","","","","","","N","N","","","","","2008","67","CYCLE_2008_Philadelphia","67301"
"2008119307","1","N","N","Y","N","0","U","N","Y","Y","00600","","","","","","","","N","N","","","","","2008","67","CYCLE_2008_Philadelphia","67301"
"2008119367","2","","","","","","","","","","","","","","","","","","","","N","N","N","N","2008","67","CYCLE_2008_Philadelphia","67301"
"2008119387","1","U","U","U","U","9","U","U","U","U","99999","","","","","","","","N","U","","","","","2008","67","CYCLE_2008_Philadelphia","67301"
"2008119388","2","","","","","","","","","","","","","","","","","","","","U","U","U","U","2008","67","CYCLE_2008_Philadelphia","67301"
"2008119404","1","","","","","","","","","","","","","","","","","","","","U","Y","N","U","2008","67","CYCLE_2008_Philadelphia","67301"
"2008119469","1","N","U","U","U","0","","","U","U","99999","","","","","","","","N","N","","","","","2008","67","CYCLE_2008_Philadelphia","67301"
"2008119473","1","","","","","","","","","","","","","","","","","","U","","","","","","2008","67","CYCLE_2008_Philadelphia","67301"
"2008119475","2","","","","","","","","","","","","","","","","","","","","U","U","N","U","2008","67","CYCLE_2008_Philadelphia","67301"
"2008119484","1","U","U","N","N","0","N","N","U","U","99999","","","","","","","","N","N","","","","","2008","67","CYCLE_2008_Philadelphia","67301"
"2008119490","1","N","N","N","U","9","N","N","N","N","99999","","","","","","","","N","N","","","","","2008","67","CYCLE_2008_Philadelphia","67301"
"2008119492","1","N","U","U","U","9","U","U","U","U","99999","","","","","","","","N","N","","","","","2008","67","CYCLE_2008_Philadelphia","67301"
"2008119494","2","Y","U","U","U","9","U","U","U","U","99999","","","","","","","","U","U","","","","","2008","67","CYCLE_2008_Philadelphia","67301"
"2008119496","2","","","","","","","","","","","","","","","","","","U","","N","N","N","Y","2008","67","CYCLE_2008_Philadelphia","67301"
"2008119499","1","U","U","U","U","9","U","U","U","U","00600","","","","","","","","N","U","","","","","2008","67","CYCLE_2008_Philadelphia","67301"
"2008076162","1","N","Y","N","Y","0","N","N","Y","N","01100","U","U","9","U","U","U","U","N","N","","","","","2008","67","CYCLE_2008_Philadelphia","67301"
"2008076684","1","N","U","U","N","0","U","U","Y","N","01200","","","","","","","","N","N","","","","","2008","67","CYCLE_2008_Philadelphia","67301"
"2008078892","2","","","","","","","","","","","","","","","","","","","","N","N","N","U","2008","67","CYCLE_2008_Philadelphia","67301"
"2008079100","2","","","","","","","","","","","","","","","","","","","","U","N","N","U","2008","67","CYCLE_2008_Philadelphia","67301"
"2008079184","2","","","","","","","","","","","","","","","","","","","","U","N","N","U","2008","67","CYCLE_2008_Philadelphia","67301"
"2008079219","1","","","","","","","","","","","","","","","","","","","","N","N","N","Y","2008","67","CYCLE_2008_Philadelphia","67301"
"2008079249","1","","","","","","","","","","","","","","","","","","","","U","U","N","U","2008","67","CYCLE_2008_Philadelphia","67301"
"2008079286","2","U","U","U","N","0","N","N","U","U","99999","U","N","0","N","N","U","U","Y","U","","","","","2008","67","CYCLE_2008_Philadelphia","67301"
"2008079295","1","U","U","U","U","9","U","U","U","U","99999","","","","","","","","N","U","","","","","2008","67","CYCLE_2008_Philadelphia","67301"
"2008079605","1","","","","","","","","","","","","","","","","","","","","N","Y","N","Y","2008","67","CYCLE_2008_Philadelphia","67301"
"2008079678","1","U","U","U","N","0","N","N","U","U","99999","","","","","","","","N","U","","","","","2008","67","CYCLE_2008_Philadelphia","67301"
"2008079682","2","","","","","","","","","","","","","","","","","","","","U","U","N","U","2008","67","CYCLE_2008_Philadelphia","67301"
"2008079730","1","U","U","U","N","0","N","N","U","U","99999","","","","","","","","N","U","","","","","2008","67","CYCLE_2008_Philadelphia","67301"
"2008079757","1","","","","","","","","","","","","","","","","","","","","U","U","N","U","2008","67","CYCLE_2008_Philadelphia","67301"
"2008080260","1","N","Y","Y","Y","1","Y","Y","N","N","01050","U","U","9","U","U","U","U","N","N","","","","","2008","67","CYCLE_2008_Philadelphia","67301"
"2008080279","2","N","U","N","U","0","","","U","U","08800","","","","","","","","N","N","","","","","2008","67","CYCLE_2008_Philadelphia","67301"
"2008080312","2","","","","","","","","","","","","","","","","","","","","U","U","N","U","2008","67","CYCLE_2008_Philadelphia","67301"
"2008081006","2","","","","","","","","","","","","","","","","","","","","U","N","N","U","2008","67","CYCLE_2008_Philadelphia","67301"
"2008081008","2","","","","","","","","","","","","","","","","","","","","U","U","N","U","2008","67","CYCLE_2008_Philadelphia","67301"
"2008081121","1","","","","","","","","","","","","","","","","","","","","U","N","N","U","2008","67","CYCLE_2008_Philadelphia","67301"
"2008081123","2","","","","","","","","","","","","","","","","","","","","U","U","N","U","2008","67","CYCLE_2008_Philadelphia","67301"
"2008081125","2","","","","","","","","","","","","","","","","","","","","U","N","N","U","2008","67","CYCLE_2008_Philadelphia","67301"
"2008071619","1","","","","","","","","","","","","","","","","","","","","U","U","N","U","2008","67","CYCLE_2008_Philadelphia","67301"
"2008071620","1","U","U","U","U","9","U","U","U","U","99999","","","","","","","","N","U","","","","","2008","67","CYCLE_2008_Philadelphia","67301"
"2008071632","2","","","","","","","","","","","","","","","","","","","","U","N","N","U","2008","67","CYCLE_2008_Philadelphia","67301"
"2008083012","1","N","N","N","N","0","N","N","N","N","00150","U","U","9","U","U","U","U","N","N","","","","","2008","67","CYCLE_2008_Philadelphia","67301"
"2008083218","1","N","Y","N","N","0","","","U","Y","01100","","","","","","","","N","N","","","","","2008","67","CYCLE_2008_Philadelphia","67301"
"2008083270","2","","","","","","","","","","","","","","","","","","","","U","Y","N","U","2008","67","CYCLE_2008_Philadelphia","67301"
"2008083664","2","","","","","","","","","","","","","","","","","","","","U","N","U","U","2008","67","CYCLE_2008_Philadelphia","67301"
"2008083979","1","","","","","","","","","","","","","","","","","","","","N","N","N","N","2008","67","CYCLE_2008_Philadelphia","67301"
"2008083981","1","U","Y","U","N","0","","","Y","Y","99999","","","","","","","","N","N","","","","","2008","67","CYCLE_2008_Philadelphia","67301"
"2008083981","3","U","Y","U","N","0","","","Y","Y","00599","","","","","","","","N","U","","","","","2008","67","CYCLE_2008_Philadelphia","67301"
"2008083982","1","N","U","U","Y","1","U","Y","Y","Y","99999","","","","","","","","N","N","","","","","2008","67","CYCLE_2008_Philadelphia","67301"
"2008085214","1","U","U","U","N","0","N","N","U","U","99999","","","","","","","","N","N","","","","","2008","67","CYCLE_2008_Philadelphia","67301"
"2008085216","2","U","U","U","N","9","U","U","U","U","99999","","","","","","","","N","U","","","","","2008","67","CYCLE_2008_Philadelphia","67301"
"2008085872","1","N","N","U","N","0","N","N","Y","N","99999","","","","","","","","N","N","","","","","2008","67","CYCLE_2008_Philadelphia","67301"
"2008087107","1","N","N","Y","Y","1","Y","N","Y","N","00600","U","U","9","U","U","U","U","N","N","","","","","2008","67","CYCLE_2008_Philadelphia","67301"
"2008087508","2","","","","","","","","","","","","","","","","","","","","U","U","N","U","2008","67","CYCLE_2008_Philadelphia","67301"
"2008087594","1","","","","","","","","","","","","","","","","","","","","U","N","N","U","2008","67","CYCLE_2008_Philadelphia","67301"
"2008087595","1","U","U","U","N","0","N","N","U","U","99999","","","","","","","","N","U","","","","","2008","67","CYCLE_2008_Philadelphia","67301"
"2008087847","2","","","","","","","","","","","","","","","","","","","","N","U","N","N","2008","67","CYCLE_2008_Philadelphia","67301"
"2008087849","1","U","U","U","Y","9","U","U","U","U","99999","U","Y","9","U","U","U","U","Y","U","","","","","2008","67","CYCLE_2008_Philadelphia","67301"
"2008087852","1","U","U","N","U","9","U","U","U","U","99999","","","","","","","","N","U","","","","","2008","67","CYCLE_2008_Philadelphia","67301"
"2008087868","1","U","U","U","U","9","U","U","U","U","99999","U","U","9","U","U","U","U","Y","U","","","","","2008","67","CYCLE_2008_Philadelphia","67301"
"2008087870","1","U","U","U","N","0","N","N","U","U","99999","","","","","","","","N","U","","","","","2008","67","CYCLE_2008_Philadelphia","67301"
"2008087877","1","","","","","","","","","","","","","","","","","","","","U","U","U","U","2008","67","CYCLE_2008_Philadelphia","67301"
"2008087967","1","U","U","N","U","9","U","U","U","U","99999","","","","","","","","N","U","","","","","2008","67","CYCLE_2008_Philadelphia","67301"
"2008087972","2","","","","","","","","","","","","","","","","","","","","U","N","N","U","2008","67","CYCLE_2008_Philadelphia","67301"
"2008088080","1","U","N","U","N","0","N","N","N","N","99999","","","","","","","","N","U","","","","","2008","67","CYCLE_2008_Philadelphia","67301"
"2008088088","1","","","","","","","","","","","","","","","","","","","","U","N","N","U","2008","67","CYCLE_2008_Philadelphia","67301"
"2008088220","2","","","","","","","","","","","","","","","","","","","","U","N","N","U","2008","67","CYCLE_2008_Philadelphia","67301"
"2008088235","1","U","U","U","N","0","N","N","U","U","99999","","","","","","","","N","U","","","","","2008","67","CYCLE_2008_Philadelphia","67301"
"2008088246","2","U","U","U","U","9","U","U","U","U","99999","","","","","","","","N","U","","","","","2008","67","CYCLE_2008_Philadelphia","67301"
"2008088263","2","","","","","","","","","","","","","","","","","","","","U","N","N","U","2008","67","CYCLE_2008_Philadelphia","67301"
"2008088274","2","","","","","","","","","","","","","","","","","","","","U","N","N","U","2008","67","CYCLE_2008_Philadelphia","67301"
"2008088275","1","","","","","","","","","","","","","","","","","","","","N","N","N","Y","2008","67","CYCLE_2008_Philadelphia","67301"
"2008088387","2","","","","","","","","","","","","","","","","","","","","U","U","N","U","2008","67","CYCLE_2008_Philadelphia","67301"
"2008088392","2","","","","","","","","","","","","","","","","","","","","N","U","N","U","2008","67","CYCLE_2008_Philadelphia","67301"
"2008088404","1","U","U","U","N","0","N","N","U","U","99999","","","","","","","","N","U","","","","","2008","67","CYCLE_2008_Philadelphia","67301"
"2008088691","2","U","U","U","U","9","U","U","U","U","99999","","","","","","","","U","U","","","","","2008","67","CYCLE_2008_Philadelphia","67301"
"2008088713","1","U","U","U","U","9","U","U","U","U","99999","","","","","","","","N","U","","","","","2008","67","CYCLE_2008_Philadelphia","67301"
"2008088820","1","","","","","","","","","","","","","","","","","","","","U","N","N","U","2008","67","CYCLE_2008_Philadelphia","67301"
"2008089320","1","N","N","N","N","0","","","N","N","01000","","","","","","","","N","N","","","","","2008","67","CYCLE_2008_Philadelphia","67301"
"2008089599","1","N","N","N","Y","1","Y","N","U","N","01000","U","U","9","U","U","U","U","N","N","","","","","2008","67","CYCLE_2008_Philadelphia","67301"
"2008089664","1","N","Y","N","Y","0","N","N","Y","Y","00600","U","U","9","U","U","U","U","N","N","","","","","2008","67","CYCLE_2008_Philadelphia","67301"
"2009021285","1","","","","","","","","","","","","","","","","","","","","U","N","N","U","2008","67","CYCLE_2008_Philadelphia","67301"
"2009024478","1","N","U","N","U","0","N","N","Y","Y","99999","","","","","","","","N","N","","","","","2008","67","CYCLE_2008_Philadelphia","67301"
"2009024621","2","","","","","","","","","","","","","","","","","","","","U","Y","N","U","2008","67","CYCLE_2008_Philadelphia","67301"
"2009024628","2","","","","","","","","","","","","","","","","","","","","U","N","N","U","2008","67","CYCLE_2008_Philadelphia","67301"
"2009024649","1","U","U","U","Y","9","U","U","U","U","99999","","","","","","","","N","U","","","","","2008","67","CYCLE_2008_Philadelphia","67301"
"2009024798","2","","","","","","","","","","","","","","","","","","","","U","N","N","U","2008","67","CYCLE_2008_Philadelphia","67301"
"2009024815","1","","","","","","","","","","","","","","","","","","","","N","N","Y","U","2008","67","CYCLE_2008_Philadelphia","67301"
"2009024816","2","","","","","","","","","","","","","","","","","","","","U","N","N","U","2008","67","CYCLE_2008_Philadelphia","67301"
"2009025619","1","","","","","","","","","","","","","","","","","","","","U","N","N","U","2008","67","CYCLE_2008_Philadelphia","67301"
"2008057682","1","","","","","","","","","","","","","","","","","","","","N","U","N","Y","2008","67","CYCLE_2008_Philadelphia","67301"
"2008057686","3","","","","","","","","","","","","","","","","","","","","U","N","N","U","2008","67","CYCLE_2008_Philadelphia","67301"
"2008057701","2","","","","","","","","","","","","","","","","","","","","N","N","N","N","2008","67","CYCLE_2008_Philadelphia","67301"
"2008057761","2","","","","","","","","","","","","","","","","","","","","U","Y","N","U","2008","67","CYCLE_2008_Philadelphia","67301"
"2008058077","1","U","U","U","N","0","N","N","U","U","99999","","","","","","","","N","U","","","","","2008","67","CYCLE_2008_Philadelphia","67301"
"2008066726","1","N","Y","N","N","1","U","Y","Y","N","00900","U","U","9","U","U","U","U","N","N","","","","","2008","67","CYCLE_2008_Philadelphia","67301"
"2009048902","2","","","","","","","","","","","","","","","","","","","","U","N","N","Y","2008","67","CYCLE_2008_Philadelphia","67301"
"2008043938","2","","","","","","","","","","","","","","","","","","","","U","U","N","U","2008","67","CYCLE_2008_Philadelphia","67301"
"2008044021","1","U","U","U","U","9","U","U","U","U","99999","","","","","","","","N","U","","","","","2008","67","CYCLE_2008_Philadelphia","67301"
"2008044299","2","","","","","","","","","","","","","","","","","","","","U","U","N","U","2008","67","CYCLE_2008_Philadelphia","67301"
"2008044309","2","","","","","","","","","","","","","","","","","","","","U","U","N","U","2008","67","CYCLE_2008_Philadelphia","67301"
"2008044642","1","U","U","U","U","9","U","U","U","U","99999","","","","","","","","N","U","","","","","2008","67","CYCLE_2008_Philadelphia","67301"
"2008044686","2","","","","","","","","","","","","","","","","","","","","N","N","N","U","2008","67","CYCLE_2008_Philadelphia","67301"
"2008045541","2","N","Y","U","Y","1","U","N","Y","Y","99999","","","","","","","","N","N","","","","","2008","67","CYCLE_2008_Philadelphia","67301"
"2008045544","1","","","","","","","","","","","","","","","","","","","","U","Y","N","U","2008","67","CYCLE_2008_Philadelphia","67301"
"2008047506","1","N","Y","Y","Y","1","Y","Y","Y","Y","00750","U","U","9","U","U","U","U","N","N","","","","","2008","67","CYCLE_2008_Philadelphia","67301"
"2008047931","1","","","","","","","","","","","","","","","","","","","","U","Y","N","U","2008","67","CYCLE_2008_Philadelphia","67301"
"2008049873","1","U","U","U","U","9","U","U","U","U","99999","","","","","","","","N","U","","","","","2008","67","CYCLE_2008_Philadelphia","67301"
"2008132043","1","N","Y","U","U","1","Y","Y","Y","Y","01000","","","","","","","","N","N","","","","","2008","67","CYCLE_2008_Philadelphia","67301"
"2008132044","1","N","Y","U","N","0","N","N","Y","Y","01500","U","U","9","U","U","U","U","N","N","","","","","2008","67","CYCLE_2008_Philadelphia","67301"
"2008132044","2","N","Y","U","Y","3","Y","Y","Y","Y","00750","","","","","","","","N","N","","","","","2008","67","CYCLE_2008_Philadelphia","67301"
"2009002459","3","","","","","","","","","","","","","","","","","","","","Y","N","N","Y","2008","67","CYCLE_2008_Philadelphia","67301"
"2009002462","1","","","","","","","","","","","","","","","","","","","","U","U","N","U","2008","67","CYCLE_2008_Philadelphia","67301"
"2009002619","2","","","","","","","","","","","","","","","","","","","","U","U","N","U","2008","67","CYCLE_2008_Philadelphia","67301"
"2009002622","2","","","","","","","","","","","","","","","","","","U","","","","","","2008","67","CYCLE_2008_Philadelphia","67301"
"2009002630","1","U","U","U","N","0","N","N","U","U","99999","","","","","","","","N","U","","","","","2008","67","CYCLE_2008_Philadelphia","67301"
"2009002630","2","","","","","","","","","","","","","","","","","","","","U","N","N","U","2008","67","CYCLE_2008_Philadelphia","67301"
"2009002633","2","N","N","Y","N","0","","","Y","Y","00125","","","","","","","","N","N","","","","","2008","67","CYCLE_2008_Philadelphia","67301"
"2009002640","2","","","","","","","","","","","","","","","","","","U","","","","","","2008","67","CYCLE_2008_Philadelphia","67301"
"2009001979","2","","","","","","","","","","","","","","","","","","U","","","","","","2008","67","CYCLE_2008_Philadelphia","67301"
"2009002014","1","","","","","","","","","","","","","","","","","","","","N","N","N","Y","2008","67","CYCLE_2008_Philadelphia","67301"
"2009002033","2","","","","","","","","","","","","","","","","","","","","U","Y","N","U","2008","67","CYCLE_2008_Philadelphia","67301"
"2009002109","2","","","","","","","","","","","","","","","","","","","","U","U","N","U","2008","67","CYCLE_2008_Philadelphia","67301"
"2009002124","2","","","","","","","","","","","","","","","","","","","","U","U","N","U","2008","67","CYCLE_2008_Philadelphia","67301"
"2009002135","2","U","U","U","N","0","N","N","U","U","99999","","","","","","","","N","U","","","","","2008","67","CYCLE_2008_Philadelphia","67301"
"2009002144","2","","","","","","","","","","","","","","","","","","","","U","N","N","U","2008","67","CYCLE_2008_Philadelphia","67301"
"2009002194","2","","","","","","","","","","","","","","","","","","","","U","U","N","U","2008","67","CYCLE_2008_Philadelphia","67301"
"2009002203","2","","","","","","","","","","","","","","","","","","","","U","N","N","U","2008","67","CYCLE_2008_Philadelphia","67301"
"2009002212","2","","","","","","","","","","","","","","","","","","","","N","N","N","N","2008","67","CYCLE_2008_Philadelphia","67301"
"2009002218","1","","","","","","","","","","","","","","","","","","","","U","N","N","U","2008","67","CYCLE_2008_Philadelphia","67301"
"2009002311","1","","","","","","","","","","","","","","","","","","","","U","U","N","U","2008","67","CYCLE_2008_Philadelphia","67301"
"2008035904","1","N","U","U","Y","1","Y","N","Y","N","00400","U","U","9","U","U","U","U","N","N","","","","","2008","67","CYCLE_2008_Philadelphia","67301"
"2008122632","2","","","","","","","","","","","","","","","","","","","","","","U","","2008","67","CYCLE_2008_Philadelphia","67301"
"2008122711","2","U","U","U","U","9","U","U","U","U","99999","","","","","","","","N","U","","","","","2008","67","CYCLE_2008_Philadelphia","67301"
"2008122796","1","","","","","","","","","","","","","","","","","","","","U","N","N","U","2008","67","CYCLE_2008_Philadelphia","67301"
"2008122805","2","","","","","","","","","","","","","","","","","","","","U","N","N","U","2008","67","CYCLE_2008_Philadelphia","67301"
"2008122837","1","U","U","U","N","9","U","U","U","U","99999","","","","","","","","N","U","","","","","2008","67","CYCLE_2008_Philadelphia","67301"
"2008122854","2","","","","","","","","","","","","","","","","","","","","N","N","N","Y","2008","67","CYCLE_2008_Philadelphia","67301"
"2008122855","2","","","","","","","","","","","","","","","","","","","","U","Y","N","Y","2008","67","CYCLE_2008_Philadelphia","67301"
"2008122864","2","","","","","","","","","","","","","","","","","","","","N","N","N","Y","2008","67","CYCLE_2008_Philadelphia","67301"
"2008123904","1","N","Y","Y","Y","1","Y","Y","Y","Y","01200","U","U","9","U","U","U","U","N","N","","","","","2008","67","CYCLE_2008_Philadelphia","67301"
"2008125168","1","N","U","U","N","0","","","U","U","99999","","","","","","","","N","N","","","","","2008","67","CYCLE_2008_Philadelphia","67301"
"2008132879","2","","","","","","","","","","","","","","","","","","","","U","U","N","U","2008","67","CYCLE_2008_Philadelphia","67301"
"2008132882","1","U","U","U","N","9","U","U","U","U","99999","","","","","","","","N","U","","","","","2008","67","CYCLE_2008_Philadelphia","67301"
"2008133007","2","","","","","","","","","","","","","","","","","","","","U","N","N","U","2008","67","CYCLE_2008_Philadelphia","67301"
"2008133107","2","","","","","","","","","","","","","","","","","","","","N","N","N","N","2008","67","CYCLE_2008_Philadelphia","67301"
"2008133161","1","","","","","","","","","","","","","","","","","","","","U","U","N","U","2008","67","CYCLE_2008_Philadelphia","67301"
"2008133522","2","","","","","","","","","","","","","","","","","","","","U","Y","N","U","2008","67","CYCLE_2008_Philadelphia","67301"
"2008133524","2","","","","","","","","","","","","","","","","","","","","U","N","N","U","2008","67","CYCLE_2008_Philadelphia","67301"
"2008133535","1","U","U","U","U","0","N","N","U","U","99999","U","U","9","U","U","U","U","Y","U","","","","","2008","67","CYCLE_2008_Philadelphia","67301"
"2008133537","2","U","U","U","U","9","U","U","U","U","99999","","","","","","","","N","U","","","","","2008","67","CYCLE_2008_Philadelphia","67301"
"2008133539","2","","","","","","","","","","","","","","","","","","","","N","N","N","N","2008","67","CYCLE_2008_Philadelphia","67301"
"2008133545","2","","","","","","","","","","","","","","","","","","","","N","U","N","U","2008","67","CYCLE_2008_Philadelphia","67301"
"2008133562","1","","","","","","","","","","","","","","","","","","","","N","N","N","U","2008","67","CYCLE_2008_Philadelphia","67301"
"2008133565","2","","","","","","","","","","","","","","","","","","","","U","U","U","U","2008","67","CYCLE_2008_Philadelphia","67301"
"2008133579","2","","","","","","","","","","","","","","","","","","","","U","N","N","U","2008","67","CYCLE_2008_Philadelphia","67301"
"2008133580","2","","","","","","","","","","","","","","","","","","","","N","N","N","N","2008","67","CYCLE_2008_Philadelphia","67301"
"2008064499","1","Y","Y","N","N","0","N","N","Y","Y","01200","U","U","9","U","U","U","U","N","N","","","","","2008","67","CYCLE_2008_Philadelphia","67301"
"2009000533","2","","","","","","","","","","","","","","","","","","","","U","U","N","U","2008","67","CYCLE_2008_Philadelphia","67301"
"2009026826","2","U","Y","U","Y","0","","","Y","Y","99999","","","","","","","","N","U","","","","","2008","67","CYCLE_2008_Philadelphia","67301"
"2009026928","2","","","","","","","","","","","","","","","","","","","","N","N","N","Y","2008","67","CYCLE_2008_Philadelphia","67301"
"2009026958","1","","","","","","","","","","","","","","","","","","","","N","U","N","Y","2008","67","CYCLE_2008_Philadelphia","67301"
"2009029177","1","","","","","","","","","","","","","","","","","","","","U","U","N","U","2008","67","CYCLE_2008_Philadelphia","67301"
"2009029206","1","","","","","","","","","","","","","","","","","","","","U","U","N","U","2008","67","CYCLE_2008_Philadelphia","67301"
"2009029225","1","U","U","U","U","9","U","U","U","U","99999","U","U","9","U","U","U","U","Y","U","","","","","2008","67","CYCLE_2008_Philadelphia","67301"
"2009029246","1","","","","","","","","","","","","","","","","","","","","U","U","N","U","2008","67","CYCLE_2008_Philadelphia","67301"
"2009029260","1","","","","","","","","","","","","","","","","","","","","U","U","N","U","2008","67","CYCLE_2008_Philadelphia","67301"
"2009029277","2","","","","","","","","","","","","","","","","","","","","U","U","N","U","2008","67","CYCLE_2008_Philadelphia","67301"
"2009029538","1","","","","","","","","","","","","","","","","","","","","U","Y","N","U","2008","67","CYCLE_2008_Philadelphia","67301"
"2008068558","1","N","Y","Y","Y","1","N","Y","Y","Y","00900","U","U","9","U","U","U","U","N","N","","","","","2008","67","CYCLE_2008_Philadelphia","67301"
"2008068561","1","Y","Y","Y","Y","1","Y","Y","Y","Y","01000","U","U","9","U","U","U","U","N","N","","","","","2008","67","CYCLE_2008_Philadelphia","67301"
"2008069265","2","U","U","U","U","9","U","U","U","U","99999","","","","","","","","N","U","","","","","2008","67","CYCLE_2008_Philadelphia","67301"
"2008069269","1","","","","","","","","","","","","","","","","","","","","U","N","N","U","2008","67","CYCLE_2008_Philadelphia","67301"
"2008069294","2","","","","","","","","","","","","","","","","","","","","N","Y","N","Y","2008","67","CYCLE_2008_Philadelphia","67301"
"2008069307","2","","","","","","","","","","","","","","","","","","","","U","N","N","U","2008","67","CYCLE_2008_Philadelphia","67301"
"2008069343","2","","","","","","","","","","","","","","","","","","","","U","N","N","U","2008","67","CYCLE_2008_Philadelphia","67301"
"2008069374","1","U","U","U","U","9","U","U","U","U","99999","","","","","","","","N","U","","","","","2008","67","CYCLE_2008_Philadelphia","67301"
"2008069465","2","","","","","","","","","","","","","","","","","","","","U","N","N","U","2008","67","CYCLE_2008_Philadelphia","67301"
"2009003527","2","","","","","","","","","","","","","","","","","","","","N","N","U","U","2008","67","CYCLE_2008_Philadelphia","67301"
"2009004114","1","U","U","U","Y","9","U","U","U","U","99999","","","","","","","","N","U","","","","","2008","67","CYCLE_2008_Philadelphia","67301"
"2009004134","2","","","","","","","","","","","","","","","","","","","","N","N","N","N","2008","67","CYCLE_2008_Philadelphia","67301"
"2008103099","1","","","","","","","","","","","","","","","","","","","","N","N","N","N","2008","67","CYCLE_2008_Philadelphia","67301"
"2008103101","2","","","","","","","","","","","","","","","","","","","","N","N","N","U","2008","67","CYCLE_2008_Philadelphia","67301"
"2008103359","1","U","U","U","U","9","U","U","U","U","99999","","","","","","","","N","U","","","","","2008","67","CYCLE_2008_Philadelphia","67301"
"2008103642","2","","","","","","","","","","","","","","","","","","","","U","N","N","U","2008","67","CYCLE_2008_Philadelphia","67301"
"2008103936","2","","","","","","","","","","","","","","","","","","","","U","N","N","U","2008","67","CYCLE_2008_Philadelphia","67301"
"2008103944","1","","","","","","","","","","","","","","","","","","","","U","U","N","U","2008","67","CYCLE_2008_Philadelphia","67301"
"2008104235","1","U","U","U","N","0","N","N","U","U","99999","","","","","","","","N","U","","","","","2008","67","CYCLE_2008_Philadelphia","67301"
"2008104400","1","N","U","U","N","0","","","Y","Y","01000","","","","","","","","N","N","","","","","2008","67","CYCLE_2008_Philadelphia","67301"
"2008104864","1","N","N","U","N","0","N","N","Y","N","01500","U","U","9","U","U","U","U","N","N","","","","","2008","67","CYCLE_2008_Philadelphia","67301"
"2008104884","1","N","Y","N","Y","1","Y","Y","Y","Y","00600","U","U","9","U","U","U","U","N","N","","","","","2008","67","CYCLE_2008_Philadelphia","67301"
"2008104885","1","N","N","N","Y","1","Y","N","Y","Y","00600","U","U","9","U","U","U","U","N","N","","","","","2008","67","CYCLE_2008_Philadelphia","67301"
"2008057072","1","U","U","U","N","0","N","N","U","U","99999","","","","","","","","N","U","","","","","2008","67","CYCLE_2008_Philadelphia","67301"
"2008057086","1","U","U","U","N","0","N","N","U","U","99999","","","","","","","","N","U","","","","","2008","67","CYCLE_2008_Philadelphia","67301"
"2008057330","2","","","","","","","","","","","","","","","","","","","","U","Y","U","U","2008","67","CYCLE_2008_Philadelphia","67301"
"2008057331","2","","","","","","","","","","","","","","","","","","","","U","Y","U","U","2008","67","CYCLE_2008_Philadelphia","67301"
"2008057337","2","","","","","","","","","","","","","","","","","","","","N","N","N","N","2008","67","CYCLE_2008_Philadelphia","67301"
"2008072056","2","Y","U","U","U","9","U","U","U","U","99999","","","","","","","","N","U","","","","","2008","67","CYCLE_2008_Philadelphia","67301"
"2008072062","1","N","N","N","Y","1","U","Y","Y","Y","99999","","","","","","","","N","N","","","","","2008","67","CYCLE_2008_Philadelphia","67301"
"2008072072","1","N","N","N","N","1","Y","N","Y","N","00600","","","","","","","","N","N","","","","","2008","67","CYCLE_2008_Philadelphia","67301"
"2008072509","2","U","U","U","U","1","U","U","Y","Y","99999","","","","","","","","N","U","","","","","2008","67","CYCLE_2008_Philadelphia","67301"
"2008072721","1","","","","","","","","","","","","","","","","","","","","U","U","N","U","2008","67","CYCLE_2008_Philadelphia","67301"
"2008072759","2","U","U","U","N","0","N","N","U","U","99999","","","","","","","","N","U","","","","","2008","67","CYCLE_2008_Philadelphia","67301"
"2008073001","3","N","Y","Y","Y","0","N","N","Y","N","00600","U","U","9","U","U","U","U","N","N","","","","","2008","67","CYCLE_2008_Philadelphia","67301"
"2008060133","2","N","Y","N","Y","1","Y","Y","Y","N","00750","U","U","9","U","U","U","U","N","N","","","","","2008","67","CYCLE_2008_Philadelphia","67301"
"2008060173","1","","","","","","","","","","","","","","","","","","","","U","U","N","U","2008","67","CYCLE_2008_Philadelphia","67301"
"2008060177","1","N","U","N","U","3","U","U","Y","Y","99999","","","","","","","","N","N","","","","","2008","67","CYCLE_2008_Philadelphia","67301"
"2008060182","2","","","","","","","","","","","","","","","","","","","","N","Y","N","Y","2008","67","CYCLE_2008_Philadelphia","67301"
"2008060195","2","U","U","U","N","0","N","N","U","U","99999","","","","","","","","N","U","","","","","2008","67","CYCLE_2008_Philadelphia","67301"
"2008060221","1","U","U","U","U","9","U","U","U","U","99999","","","","","","","","N","U","","","","","2008","67","CYCLE_2008_Philadelphia","67301"
"2008060232","2","","","","","","","","","","","","","","","","","","","","Y","U","N","Y","2008","67","CYCLE_2008_Philadelphia","67301"
"2008060251","1","","","","","","","","","","","","","","","","","","","","U","N","N","U","2008","67","CYCLE_2008_Philadelphia","67301"
"2008060559","1","","","","","","","","","","","","","","","","","","","","N","N","N","Y","2008","67","CYCLE_2008_Philadelphia","67301"
"2008061011","2","","","","","","","","","","","","","","","","","","","","U","N","N","U","2008","67","CYCLE_2008_Philadelphia","67301"
"2008061011","3","","","","","","","","","","","","","","","","","","","","U","N","N","U","2008","67","CYCLE_2008_Philadelphia","67301"
"2008135594","1","N","Y","N","N","0","","","U","Y","99999","","","","","","","","N","N","","","","","2008","67","CYCLE_2008_Philadelphia","67301"
"2008135745","2","","","","","","","","","","","","","","","","","","U","","","","","","2008","67","CYCLE_2008_Philadelphia","67301"
"2009105713","2","","","","","","","","","","","","","","","","","","","","U","N","N","U","2008","67","CYCLE_2008_Philadelphia","67301"
"2008133598","2","","","","","","","","","","","","","","","","","","","","U","U","N","U","2008","67","CYCLE_2008_Philadelphia","67301"
"2008133630","2","","","","","","","","","","","","","","","","","","","","U","U","N","U","2008","67","CYCLE_2008_Philadelphia","67301"
"2008133705","2","","","","","","","","","","","","","","","","","","","","U","U","N","U","2008","67","CYCLE_2008_Philadelphia","67301"
"2008133793","2","","","","","","","","","","","","","","","","","","","","U","N","N","U","2008","67","CYCLE_2008_Philadelphia","67301"
"2008133977","2","","","","","","","","","","","","","","","","","","","","N","N","N","Y","2008","67","CYCLE_2008_Philadelphia","67301"
"2008134008","1","N","N","N","N","0","","","Y","N","00090","","","","","","","","N","N","","","","","2008","67","CYCLE_2008_Philadelphia","67301"
"2008134023","1","N","N","U","N","0","","","Y","Y","99999","","","","","","","","N","N","","","","","2008","67","CYCLE_2008_Philadelphia","67301"
"2008134029","1","N","U","U","U","0","","","U","U","00600","","","","","","","","N","N","","","","","2008","67","CYCLE_2008_Philadelphia","67301"
"2008134034","1","Y","U","U","U","9","U","U","Y","Y","99999","","","","","","","","N","N","","","","","2008","67","CYCLE_2008_Philadelphia","67301"
"2008081482","2","","","","","","","","","","","","","","","","","","","","U","N","N","U","2008","67","CYCLE_2008_Philadelphia","67301"
"2008081494","2","","","","","","","","","","","","","","","","","","","","N","N","N","N","2008","67","CYCLE_2008_Philadelphia","67301"
"2008081508","1","","","","","","","","","","","","","","","","","","","","U","N","N","U","2008","67","CYCLE_2008_Philadelphia","67301"
"2008081529","2","U","U","U","N","9","U","U","U","U","99999","","","","","","","","N","U","","","","","2008","67","CYCLE_2008_Philadelphia","67301"
"2008082131","2","N","N","U","Y","0","","","Y","N","00600","","","","","","","","N","N","","","","","2008","67","CYCLE_2008_Philadelphia","67301"
"2008082140","1","U","U","U","N","0","N","N","U","U","99999","","","","","","","","N","U","","","","","2008","67","CYCLE_2008_Philadelphia","67301"
"2008082200","2","","","","","","","","","","","","","","","","","","","","N","N","N","N","2008","67","CYCLE_2008_Philadelphia","67301"
"2008082253","1","","","","","","","","","","","","","","","","","","","","N","N","N","U","2008","67","CYCLE_2008_Philadelphia","67301"
"2008082406","2","","","","","","","","","","","","","","","","","","","","N","N","N","U","2008","67","CYCLE_2008_Philadelphia","67301"
"2008082414","1","","","","","","","","","","","","","","","","","","","","N","N","N","N","2008","67","CYCLE_2008_Philadelphia","67301"
"2008082480","2","","","","","","","","","","","","","","","","","","","","N","Y","N","Y","2008","67","CYCLE_2008_Philadelphia","67301"
"2008082483","1","U","U","U","U","9","U","U","U","U","99999","","","","","","","","N","U","","","","","2008","67","CYCLE_2008_Philadelphia","67301"
"2008082485","1","U","U","U","N","0","N","N","U","U","99999","","","","","","","","N","U","","","","","2008","67","CYCLE_2008_Philadelphia","67301"
"2008082572","2","","","","","","","","","","","","","","","","","","","","N","N","N","N","2008","67","CYCLE_2008_Philadelphia","67301"
"2008082592","2","U","U","U","U","9","U","U","U","U","99999","","","","","","","","N","U","","","","","2008","67","CYCLE_2008_Philadelphia","67301"
"2008082610","2","","","","","","","","","","","","","","","","","","","","U","N","N","U","2008","67","CYCLE_2008_Philadelphia","67301"
"2008082628","2","","","","","","","","","","","","","","","","","","","","U","N","N","U","2008","67","CYCLE_2008_Philadelphia","67301"
"2008082864","2","","","","","","","","","","","","","","","","","","","","U","U","N","U","2008","67","CYCLE_2008_Philadelphia","67301"
"2009000999","1","U","U","U","N","0","N","N","U","U","99999","U","N","0","N","N","U","U","Y","U","","","","","2008","67","CYCLE_2008_Philadelphia","67301"
"2009001003","2","","","","","","","","","","","","","","","","","","","","U","U","N","U","2008","67","CYCLE_2008_Philadelphia","67301"
"2009001021","2","","","","","","","","","","","","","","","","","","","","U","N","N","U","2008","67","CYCLE_2008_Philadelphia","67301"
"2009001037","2","","","","","","","","","","","","","","","","","","","","N","N","N","U","2008","67","CYCLE_2008_Philadelphia","67301"
"2009001042","2","","","","","","","","","","","","","","","","","","","","U","U","N","U","2008","67","CYCLE_2008_Philadelphia","67301"
"2009001046","1","U","U","U","U","9","U","U","U","U","99999","","","","","","","","N","U","","","","","2008","67","CYCLE_2008_Philadelphia","67301"
"2008089907","2","Y","N","U","Y","1","Y","Y","Y","Y","00400","U","U","9","U","U","U","U","N","N","","","","","2008","67","CYCLE_2008_Philadelphia","67301"
"2008089908","1","N","Y","Y","Y","0","N","N","Y","N","01000","U","U","9","U","U","U","U","N","N","","","","","2008","67","CYCLE_2008_Philadelphia","67301"
"2008089958","1","U","U","U","U","9","U","U","U","U","99999","","","","","","","","N","U","","","","","2008","67","CYCLE_2008_Philadelphia","67301"
"2008089977","1","N","U","U","U","9","U","U","U","U","99999","","","","","","","","N","N","","","","","2008","67","CYCLE_2008_Philadelphia","67301"
"2008090239","2","","","","","","","","","","","","","","","","","","Y","","","","","","2008","67","CYCLE_2008_Philadelphia","67301"
"2008090241","1","U","N","U","N","0","N","N","N","N","00750","N","N","0","N","N","N","N","Y","U","","","","","2008","67","CYCLE_2008_Philadelphia","67301"
"2008090242","1","N","Y","N","N","0","","","Y","N","99999","","","","","","","","N","N","","","","","2008","67","CYCLE_2008_Philadelphia","67301"
"2008090243","1","U","U","U","N","0","","","U","U","01400","","","","","","","","N","U","","","","","2008","67","CYCLE_2008_Philadelphia","67301"
"2009030448","1","","","","","","","","","","","","","","","","","","","","N","N","N","N","2008","67","CYCLE_2008_Philadelphia","67301"
"2009030585","2","","","","","","","","","","","","","","","","","","","","U","N","N","U","2008","67","CYCLE_2008_Philadelphia","67301"
"2009031206","1","","","","","","","","","","","","","","","","","","","","N","N","N","N","2008","67","CYCLE_2008_Philadelphia","67301"
"2009036391","2","","","","","","","","","","","","","","","","","","","","U","N","N","U","2008","67","CYCLE_2008_Philadelphia","67301"
"2009036411","2","","","","","","","","","","","","","","","","","","","","U","Y","N","U","2008","67","CYCLE_2008_Philadelphia","67301"
"2009012492","2","","","","","","","","","","","","","","","","","","","","N","N","Y","U","2008","67","CYCLE_2008_Philadelphia","67301"
"2009012494","2","","","","","","","","","","","","","","","","","","","","U","N","N","U","2008","67","CYCLE_2008_Philadelphia","67301"
"2009012645","2","","","","","","","","","","","","","","","","","","","","U","Y","N","U","2008","67","CYCLE_2008_Philadelphia","67301"
"2009013290","2","","","","","","","","","","","","","","","","","","","","U","U","N","U","2008","67","CYCLE_2008_Philadelphia","67301"
"2009013304","2","","","","","","","","","","","","","","","","","","","","N","N","N","U","2008","67","CYCLE_2008_Philadelphia","67301"
"2009013321","2","","","","","","","","","","","","","","","","","","","","U","U","N","U","2008","67","CYCLE_2008_Philadelphia","67301"
"2009013672","2","","","","","","","","","","","","","","","","","","","","U","Y","N","U","2008","67","CYCLE_2008_Philadelphia","67301"
"2009013704","1","","","","","","","","","","","","","","","","","","","","U","N","N","U","2008","67","CYCLE_2008_Philadelphia","67301"
"2009013741","2","","","","","","","","","","","","","","","","","","","","U","U","U","U","2008","67","CYCLE_2008_Philadelphia","67301"
"2009013850","2","","","","","","","","","","","","","","","","","","","","U","U","N","U","2008","67","CYCLE_2008_Philadelphia","67301"
"2009013853","2","","","","","","","","","","","","","","","","","","","","U","N","N","U","2008","67","CYCLE_2008_Philadelphia","67301"
"2009015024","1","U","U","U","U","9","U","U","U","U","99999","","","","","","","","N","U","","","","","2008","67","CYCLE_2008_Philadelphia","67301"
"2009015046","2","","","","","","","","","","","","","","","","","","","","N","N","U","Y","2008","67","CYCLE_2008_Philadelphia","67301"
"2009015049","1","","","","","","","","","","","","","","","","","","","","U","N","N","U","2008","67","CYCLE_2008_Philadelphia","67301"
"2009015077","2","U","Y","U","Y","0","","","Y","Y","01340","","","","","","","","N","U","","","","","2008","67","CYCLE_2008_Philadelphia","67301"
"2008070682","1","Y","U","Y","U","9","U","U","Y","Y","99999","","","","","","","","N","N","","","","","2008","67","CYCLE_2008_Philadelphia","67301"
"2008070697","1","","","","","","","","","","","","","","","","","","","","U","N","Y","U","2008","67","CYCLE_2008_Philadelphia","67301"
"2008070804","1","N","N","N","N","0","","","Y","N","99999","","","","","","","","N","N","","","","","2008","67","CYCLE_2008_Philadelphia","67301"
"2008070821","1","U","U","U","U","9","U","U","U","U","99999","","","","","","","","N","U","","","","","2008","67","CYCLE_2008_Philadelphia","67301"
"2008097925","1","","","","","","","","","","","","","","","","","","","","U","N","Y","N","2008","67","CYCLE_2008_Philadelphia","67301"
"2008097925","2","","","","","","","","","","","","","","","","","","","","N","N","Y","N","2008","67","CYCLE_2008_Philadelphia","67301"
"2008097926","1","","","","","","","","","","","","","","","","","","","","U","N","N","U","2008","67","CYCLE_2008_Philadelphia","67301"
"2008097929","1","","","","","","","","","","","","","","","","","","","","U","N","N","U","2008","67","CYCLE_2008_Philadelphia","67301"
"2008097944","1","","","","","","","","","","","","","","","","","","","","U","U","N","U","2008","67","CYCLE_2008_Philadelphia","67301"
"2008097972","2","","","","","","","","","","","","","","","","","","","","N","N","N","N","2008","67","CYCLE_2008_Philadelphia","67301"
"2008097979","1","U","U","N","N","0","N","N","U","U","99999","","","","","","","","N","U","","","","","2008","67","CYCLE_2008_Philadelphia","67301"
"2008097992","2","U","U","U","U","9","U","U","U","U","99999","U","U","9","U","U","U","U","Y","U","","","","","2008","67","CYCLE_2008_Philadelphia","67301"
"2008098007","2","","","","","","","","","","","","","","","","","","","","N","N","N","N","2008","67","CYCLE_2008_Philadelphia","67301"
"2008098014","2","","","","","","","","","","","","","","","","","","","","N","N","N","Y","2008","67","CYCLE_2008_Philadelphia","67301"
"2008098031","1","U","U","U","N","9","U","U","U","U","99999","","","","","","","","N","N","","","","","2008","67","CYCLE_2008_Philadelphia","67301"
"2008098058","2","U","U","U","U","9","U","U","U","U","99999","","","","","","","","N","U","","","","","2008","67","CYCLE_2008_Philadelphia","67301"
"2008098074","1","U","U","U","U","9","U","U","U","U","99999","","","","","","","","N","U","","","","","2008","67","CYCLE_2008_Philadelphia","67301"
"2008098075","1","Y","Y","Y","Y","9","U","U","Y","Y","99999","","","","","","","","N","Y","","","","","2008","67","CYCLE_2008_Philadelphia","67301"
"2008098075","2","","","","","","","","","","","","","","","","","","","","U","N","N","U","2008","67","CYCLE_2008_Philadelphia","67301"
"2008098091","1","","","","","","","","","","","","","","","","","","","","U","N","Y","U","2008","67","CYCLE_2008_Philadelphia","67301"
"2008098092","1","","","","","","","","","","","","","","","","","","","","U","U","N","U","2008","67","CYCLE_2008_Philadelphia","67301"
"2008098093","1","","","","","","","","","","","","","","","","","","","","N","N","N","Y","2008","67","CYCLE_2008_Philadelphia","67301"
"2008098124","5","U","U","U","U","9","U","U","U","U","99999","","","","","","","","N","U","","","","","2008","67","CYCLE_2008_Philadelphia","67301"
"2008098127","1","U","U","U","U","0","N","N","U","U","99999","U","U","9","U","U","U","U","Y","U","","","","","2008","67","CYCLE_2008_Philadelphia","67301"
"2008098148","1","Y","U","Y","N","0","N","N","U","U","99999","","","","","","","","N","Y","","","","","2008","67","CYCLE_2008_Philadelphia","67301"
"2008098160","2","U","U","U","U","9","U","U","U","U","99999","","","","","","","","N","U","","","","","2008","67","CYCLE_2008_Philadelphia","67301"
"2008098178","2","","","","","","","","","","","","","","","","","","","","U","N","N","U","2008","67","CYCLE_2008_Philadelphia","67301"
"2008098184","2","","","","","","","","","","","","","","","","","","","","U","U","N","U","2008","67","CYCLE_2008_Philadelphia","67301"
"2008098219","2","U","U","U","U","9","U","U","U","U","99999","","","","","","","","N","U","","","","","2008","67","CYCLE_2008_Philadelphia","67301"
"2008098237","2","U","U","U","U","9","U","U","U","U","99999","","","","","","","","N","U","","","","","2008","67","CYCLE_2008_Philadelphia","67301"
"2008098246","2","","","","","","","","","","","","","","","","","","","","N","U","N","U","2008","67","CYCLE_2008_Philadelphia","67301"
"2008098278","3","U","U","U","N","9","U","U","U","U","99999","","","","","","","","N","N","","","","","2008","67","CYCLE_2008_Philadelphia","67301"
"2008098296","2","","","","","","","","","","","","","","","","","","","","U","U","N","U","2008","67","CYCLE_2008_Philadelphia","67301"
"2008098301","1","U","U","U","U","9","U","U","U","U","99999","","","","","","","","N","U","","","","","2008","67","CYCLE_2008_Philadelphia","67301"
"2008098352","2","","","","","","","","","","","","","","","","","","","","U","N","N","U","2008","67","CYCLE_2008_Philadelphia","67301"
"2008098375","2","U","U","U","N","0","N","N","U","U","99999","","","","","","","","N","U","","","","","2008","67","CYCLE_2008_Philadelphia","67301"
"2008098384","1","U","U","U","U","9","U","U","U","U","99999","","","","","","","","N","U","","","","","2008","67","CYCLE_2008_Philadelphia","67301"
"2008098401","1","N","Y","Y","Y","1","Y","Y","Y","Y","00600","","","","","","","","N","N","","","","","2008","67","CYCLE_2008_Philadelphia","67301"
"2008098409","2","","","","","","","","","","","","","","","","","","","","U","U","N","U","2008","67","CYCLE_2008_Philadelphia","67301"
"2008098418","2","","","","","","","","","","","","","","","","","","","","U","N","N","U","2008","67","CYCLE_2008_Philadelphia","67301"
"2008098434","1","","","","","","","","","","","","","","","","","","","","U","U","N","U","2008","67","CYCLE_2008_Philadelphia","67301"
"2008098456","1","U","U","U","N","0","N","N","U","U","99999","","","","","","","","N","U","","","","","2008","67","CYCLE_2008_Philadelphia","67301"
"2008098494","2","U","U","U","U","9","U","U","U","U","99999","","","","","","","","N","U","","","","","2008","67","CYCLE_2008_Philadelphia","67301"
"2008098656","1","U","U","U","U","9","U","U","U","U","99999","","","","","","","","U","U","","","","","2008","67","CYCLE_2008_Philadelphia","67301"
"2008098656","2","U","U","U","U","9","U","U","U","U","99999","","","","","","","","U","U","","","","","2008","67","CYCLE_2008_Philadelphia","67301"
"2008098668","1","N","U","N","N","1","U","Y","Y","Y","00006","","","","","","","","N","N","","","","","2008","67","CYCLE_2008_Philadelphia","67301"
"2008098675","2","N","N","U","N","0","N","N","Y","Y","01000","U","N","0","N","N","U","U","Y","N","","","","","2008","67","CYCLE_2008_Philadelphia","67301"
"2011095955","2","","","","","","","","","","","","","","","","","","","","U","U","N","U","2008","67","CYCLE_2008_Philadelphia","67301"
"2009053589","2","","","","","","","","","","","","","","","","","","","","N","N","N","N","2008","67","CYCLE_2008_Philadelphia","67301"
"2009056405","2","","","","","","","","","","","","","","","","","","","","U","U","N","U","2008","67","CYCLE_2008_Philadelphia","67301"
"2008119503","2","","","","","","","","","","","","","","","","","","","","U","U","N","U","2008","67","CYCLE_2008_Philadelphia","67301"
"2008119504","2","","","","","","","","","","","","","","","","","","","","U","U","N","Y","2008","67","CYCLE_2008_Philadelphia","67301"
"2008119507","1","U","U","U","U","9","U","U","U","U","99999","","","","","","","","N","U","","","","","2008","67","CYCLE_2008_Philadelphia","67301"
"2008119553","2","","","","","","","","","","","","","","","","","","","","U","N","N","U","2008","67","CYCLE_2008_Philadelphia","67301"
"2008119634","1","U","U","U","N","0","N","N","U","U","99999","","","","","","","","N","U","","","","","2008","67","CYCLE_2008_Philadelphia","67301"
"2008119671","2","","","","","","","","","","","","","","","","","","","","U","N","N","U","2008","67","CYCLE_2008_Philadelphia","67301"
"2008119675","1","U","U","U","U","9","U","U","U","U","99999","","","","","","","","N","N","","","","","2008","67","CYCLE_2008_Philadelphia","67301"
"2008119678","2","","","","","","","","","","","","","","","","","","","","U","N","Y","U","2008","67","CYCLE_2008_Philadelphia","67301"
"2008119683","2","","","","","","","","","","","","","","","","","","","","U","N","N","U","2008","67","CYCLE_2008_Philadelphia","67301"
"2008119749","1","U","U","U","U","9","U","U","U","U","99999","","","","","","","","N","U","","","","","2008","67","CYCLE_2008_Philadelphia","67301"
"2008119754","2","","","","","","","","","","","","","","","","","","","","U","N","N","U","2008","67","CYCLE_2008_Philadelphia","67301"
"2008119763","2","","","","","","","","","","","","","","","","","","","","U","N","N","U","2008","67","CYCLE_2008_Philadelphia","67301"
"2008119768","2","","","","","","","","","","","","","","","","","","","","U","N","N","U","2008","67","CYCLE_2008_Philadelphia","67301"
"2008119771","2","","","","","","","","","","","","","","","","","","","","U","Y","N","U","2008","67","CYCLE_2008_Philadelphia","67301"
"2008119783","1","U","U","U","U","9","U","U","U","U","99999","","","","","","","","U","U","","","","","2008","67","CYCLE_2008_Philadelphia","67301"
"2008120118","1","U","U","U","U","9","U","U","U","U","99999","","","","","","","","N","U","","","","","2008","67","CYCLE_2008_Philadelphia","67301"
"2008120165","1","","","","","","","","","","","","","","","","","","","","U","U","U","U","2008","67","CYCLE_2008_Philadelphia","67301"
"2008120172","2","","","","","","","","","","","","","","","","","","","","U","U","U","U","2008","67","CYCLE_2008_Philadelphia","67301"
"2008120179","2","","","","","","","","","","","","","","","","","","","","N","U","N","U","2008","67","CYCLE_2008_Philadelphia","67301"
"2008120193","2","","","","","","","","","","","","","","","","","","","","U","U","N","U","2008","67","CYCLE_2008_Philadelphia","67301"
"2008120199","1","","","","","","","","","","","","","","","","","","","","U","N","N","N","2008","67","CYCLE_2008_Philadelphia","67301"
"2008120202","2","U","U","U","Y","9","U","U","U","U","99999","","","","","","","","N","U","","","","","2008","67","CYCLE_2008_Philadelphia","67301"
"2008120222","2","U","U","U","U","9","U","U","U","U","99999","","","","","","","","N","U","","","","","2008","67","CYCLE_2008_Philadelphia","67301"
"2008120546","2","","","","","","","","","","","","","","","","","","","","U","Y","N","Y","2008","67","CYCLE_2008_Philadelphia","67301"
"2008120649","2","","","","","","","","","","","","","","","","","","","","U","Y","N","U","2008","67","CYCLE_2008_Philadelphia","67301"
"2008120653","2","","","","","","","","","","","","","","","","","","","","N","N","Y","Y","2008","67","CYCLE_2008_Philadelphia","67301"
"2008120695","2","","","","","","","","","","","","","","","","","","","","U","N","N","U","2008","67","CYCLE_2008_Philadelphia","67301"
"2008120784","1","","","","","","","","","","","","","","","","","","","","U","N","N","U","2008","67","CYCLE_2008_Philadelphia","67301"
"2008120785","1","U","U","U","U","9","U","U","U","U","99999","","","","","","","","N","N","","","","","2008","67","CYCLE_2008_Philadelphia","67301"
"2008120805","2","U","U","U","Y","9","U","Y","U","U","99999","","","","","","","","N","U","","","","","2008","67","CYCLE_2008_Philadelphia","67301"
"2008120807","1","U","U","U","U","9","U","U","U","U","99999","","","","","","","","N","U","","","","","2008","67","CYCLE_2008_Philadelphia","67301"
"2008120893","2","","","","","","","","","","","","","","","","","","","","U","U","N","U","2008","67","CYCLE_2008_Philadelphia","67301"
"2008120902","2","","","","","","","","","","","","","","","","","","","","N","N","N","N","2008","67","CYCLE_2008_Philadelphia","67301"
"2008120907","2","","","","","","","","","","","","","","","","","","","","U","U","N","U","2008","67","CYCLE_2008_Philadelphia","67301"
"2008121061","1","U","U","U","U","9","U","U","U","U","99999","","","","","","","","N","U","","","","","2008","67","CYCLE_2008_Philadelphia","67301"
"2008121069","2","U","Y","Y","Y","1","U","Y","Y","N","99999","","","","","","","","U","U","","","","","2008","67","CYCLE_2008_Philadelphia","67301"
"2008121083","1","U","U","U","U","9","U","U","U","U","99999","","","","","","","","N","U","","","","","2008","67","CYCLE_2008_Philadelphia","67301"
"2008121116","1","U","U","U","U","9","U","U","U","U","99999","","","","","","","","N","U","","","","","2008","67","CYCLE_2008_Philadelphia","67301"
"2008121116","2","","","","","","","","","","","","","","","","","","","","U","N","N","U","2008","67","CYCLE_2008_Philadelphia","67301"
"2008121131","1","U","U","U","N","0","N","N","U","U","99999","","","","","","","","N","U","","","","","2008","67","CYCLE_2008_Philadelphia","67301"
"2008121131","2","U","U","U","N","0","N","N","U","U","99999","","","","","","","","N","U","","","","","2008","67","CYCLE_2008_Philadelphia","67301"
"2008059067","1","U","U","U","U","9","U","U","U","U","99999","","","","","","","","N","U","","","","","2008","67","CYCLE_2008_Philadelphia","67301"
"2008059268","1","U","U","U","U","9","U","U","U","U","99999","","","","","","","","N","U","","","","","2008","67","CYCLE_2008_Philadelphia","67301"
"2008059642","2","","","","","","","","","","","","","","","","","","","","N","N","N","N","2008","67","CYCLE_2008_Philadelphia","67301"
"2008059656","2","","","","","","","","","","","","","","","","","","","","N","N","N","Y","2008","67","CYCLE_2008_Philadelphia","67301"
"2008059665","2","","","","","","","","","","","","","","","","","","","","U","U","N","U","2008","67","CYCLE_2008_Philadelphia","67301"
"2009066048","2","","","","","","","","","","","","","","","","","","","","U","U","N","U","2008","67","CYCLE_2008_Philadelphia","67301"
"2008071640","2","","","","","","","","","","","","","","","","","","","","U","U","N","U","2008","67","CYCLE_2008_Philadelphia","67301"
"2008071925","1","U","U","U","U","9","U","U","U","U","99999","","","","","","","","N","U","","","","","2008","67","CYCLE_2008_Philadelphia","67301"
"2008026616","2","","","","","","","","","","","","","","","","","","","","U","N","N","U","2008","67","CYCLE_2008_Philadelphia","67301"
"2008026632","2","N","U","N","N","0","N","N","U","U","99999","","","","","","","","N","N","","","","","2008","67","CYCLE_2008_Philadelphia","67301"
"2008026633","2","","","","","","","","","","","","","","","","","","","","U","N","N","U","2008","67","CYCLE_2008_Philadelphia","67301"
"2008026682","1","","","","","","","","","","","","","","","","","","","","U","U","N","U","2008","67","CYCLE_2008_Philadelphia","67301"
"2008027025","2","U","U","U","Y","9","U","U","U","U","99999","","","","","","","","N","U","","","","","2008","67","CYCLE_2008_Philadelphia","67301"
"2008027041","1","U","U","U","U","9","U","U","U","U","99999","","","","","","","","N","U","","","","","2008","67","CYCLE_2008_Philadelphia","67301"
"2008027209","2","","","","","","","","","","","","","","","","","","","","U","N","N","U","2008","67","CYCLE_2008_Philadelphia","67301"
"2008027222","1","","","","","","","","","","","","","","","","","","","","U","N","N","U","2008","67","CYCLE_2008_Philadelphia","67301"
"2008029167","2","","","","","","","","","","","","","","","","","","","","U","Y","N","U","2008","67","CYCLE_2008_Philadelphia","67301"
"2008121294","1","","","","","","","","","","","","","","","","","","","","U","N","N","U","2008","67","CYCLE_2008_Philadelphia","67301"
"2008121320","1","U","U","U","U","9","U","U","U","Y","99999","","","","","","","","N","U","","","","","2008","67","CYCLE_2008_Philadelphia","67301"
