FIPS code,State Abbreviation,State Name,County,Cases 7-day rolling average,Deaths 7-day rolling average,Tests performed 7-day rolling average,Test positivity 7-day rolling average,Total admissions of confirmed COVID-19 patients 7-day rolling average - reports including both adult and pediatric patients,Percentage of staffed adult inpatient beds used by confirmed COVID-19 patients over a trailing 7 day period,Percentage of staffed adult ICU beds used by confirmed COVID-19 patients over a trailing 7 day period,Date,Report date window start,Report date window end,Level of Community Transmission 
34007,NJ,null,Camden County,0,0,0,0,null,null,null,1/22/2020,1/16/2020,1/22/2020,null
34007,NJ,null,Camden County,0,0,0,0,null,null,null,1/23/2020,1/17/2020,1/23/2020,null
34007,NJ,null,Camden County,0,0,0,0,null,null,null,1/24/2020,1/18/2020,1/24/2020,null
34007,NJ,null,Camden County,0,0,0,0,null,null,null,1/25/2020,1/19/2020,1/25/2020,null
34007,NJ,null,Camden County,0,0,0,0,null,null,null,1/26/2020,1/20/2020,1/26/2020,null
34007,NJ,null,Camden County,0,0,0,0,null,null,null,1/27/2020,1/21/2020,1/27/2020,null
34007,NJ,null,Camden County,0,0,0,0,null,null,null,1/28/2020,1/22/2020,1/28/2020,null
34007,NJ,null,Camden County,0,0,0,0,null,null,null,1/29/2020,1/23/2020,1/29/2020,null
34007,NJ,null,Camden County,0,0,0,0,null,null,null,1/30/2020,1/24/2020,1/30/2020,null
34007,NJ,null,Camden County,0,0,0,0,null,null,null,1/31/2020,1/25/2020,1/31/2020,null
34007,NJ,null,Camden County,0,0,0,0,null,null,null,2/1/2020,1/26/2020,2/1/2020,null
34007,NJ,null,Camden County,0,0,0,0,null,null,null,2/2/2020,1/27/2020,2/2/2020,null
34007,NJ,null,Camden County,0,0,0,0,null,null,null,2/3/2020,1/28/2020,2/3/2020,null
34007,NJ,null,Camden County,0,0,0,0,null,null,null,2/4/2020,1/29/2020,2/4/2020,null
34007,NJ,null,Camden County,0,0,0,0,null,null,null,2/5/2020,1/30/2020,2/5/2020,null
34007,NJ,null,Camden County,0,0,0,0,null,null,null,2/6/2020,1/31/2020,2/6/2020,null
34007,NJ,null,Camden County,0,0,0,0,null,null,null,2/7/2020,2/1/2020,2/7/2020,null
34007,NJ,null,Camden County,0,0,0,0,null,null,null,2/8/2020,2/2/2020,2/8/2020,null
34007,NJ,null,Camden County,0,0,0,0,null,null,null,2/9/2020,2/3/2020,2/9/2020,null
34007,NJ,null,Camden County,0,0,0,0,null,null,null,2/10/2020,2/4/2020,2/10/2020,null
34007,NJ,null,Camden County,0,0,0,0,null,null,null,2/11/2020,2/5/2020,2/11/2020,null
34007,NJ,null,Camden County,0,0,0,0,null,null,null,2/12/2020,2/6/2020,2/12/2020,null
34007,NJ,null,Camden County,0,0,0,0,null,null,null,2/13/2020,2/7/2020,2/13/2020,null
34007,NJ,null,Camden County,0,0,0,0,null,null,null,2/14/2020,2/8/2020,2/14/2020,null
34007,NJ,null,Camden County,0,0,0,0,null,null,null,2/15/2020,2/9/2020,2/15/2020,null
34007,NJ,null,Camden County,0,0,0,0,null,null,null,2/16/2020,2/10/2020,2/16/2020,null
34007,NJ,null,Camden County,0,0,0,0,null,null,null,2/17/2020,2/11/2020,2/17/2020,null
34007,NJ,null,Camden County,0,0,0,0,null,null,null,2/18/2020,2/12/2020,2/18/2020,null
34007,NJ,null,Camden County,0,0,0,0,null,null,null,2/19/2020,2/13/2020,2/19/2020,null
34007,NJ,null,Camden County,0,0,0,0,null,null,null,2/20/2020,2/14/2020,2/20/2020,null
34007,NJ,null,Camden County,0,0,0,0,null,null,null,2/21/2020,2/15/2020,2/21/2020,null
34007,NJ,null,Camden County,0,0,0,0,null,null,null,2/22/2020,2/16/2020,2/22/2020,null
34007,NJ,null,Camden County,0,0,0,0,null,null,null,2/23/2020,2/17/2020,2/23/2020,null
34007,NJ,null,Camden County,0,0,0,0,null,null,null,2/24/2020,2/18/2020,2/24/2020,null
34007,NJ,null,Camden County,0,0,0,0,null,null,null,2/25/2020,2/19/2020,2/25/2020,null
34007,NJ,null,Camden County,0,0,0,0,null,null,null,2/26/2020,2/20/2020,2/26/2020,null
34007,NJ,null,Camden County,0,0,0,0,null,null,null,2/27/2020,2/21/2020,2/27/2020,null
34007,NJ,null,Camden County,0,0,0,0,null,null,null,2/28/2020,2/22/2020,2/28/2020,null
34007,NJ,null,Camden County,0,0,0,0,null,null,null,2/29/2020,2/23/2020,2/29/2020,null
34007,NJ,null,Camden County,0,0,0,0,null,null,null,3/1/2020,2/24/2020,3/1/2020,null
34007,NJ,null,Camden County,0,0,0,0,null,null,null,3/2/2020,2/25/2020,3/2/2020,null
34007,NJ,null,Camden County,0,0,1,0,null,null,null,3/3/2020,2/26/2020,3/3/2020,null
34007,NJ,null,Camden County,0,0,0.5,0,null,null,null,3/4/2020,2/27/2020,3/4/2020,null
34007,NJ,null,Camden County,0,0,0.33,0,null,null,null,3/5/2020,2/28/2020,3/5/2020,null
34007,NJ,null,Camden County,0,0,0.25,0,null,null,null,3/6/2020,2/29/2020,3/6/2020,null
34007,NJ,null,Camden County,0,0,0.2,0,null,null,null,3/7/2020,3/1/2020,3/7/2020,null
34007,NJ,null,Camden County,0,0,0.17,0,null,null,null,3/8/2020,3/2/2020,3/8/2020,null
34007,NJ,null,Camden County,suppressed,0,0.14,0,null,null,null,3/9/2020,3/3/2020,3/9/2020,null
34007,NJ,null,Camden County,suppressed,0,0,0,null,null,null,3/10/2020,3/4/2020,3/10/2020,null
34007,NJ,null,Camden County,suppressed,0,0,0,null,null,null,3/11/2020,3/5/2020,3/11/2020,null
34007,NJ,null,Camden County,suppressed,0,0,0,null,null,null,3/12/2020,3/6/2020,3/12/2020,null
34007,NJ,null,Camden County,suppressed,0,0,0,null,null,null,3/13/2020,3/7/2020,3/13/2020,null
34007,NJ,null,Camden County,suppressed,0,0,0,null,null,null,3/14/2020,3/8/2020,3/14/2020,null
34007,NJ,null,Camden County,suppressed,0,0,0,null,null,null,3/15/2020,3/9/2020,3/15/2020,null
34007,NJ,null,Camden County,suppressed,0,0,0,null,null,null,3/16/2020,3/10/2020,3/16/2020,null
34007,NJ,null,Camden County,suppressed,0,0,0,null,null,null,3/17/2020,3/11/2020,3/17/2020,null
34007,NJ,null,Camden County,suppressed,0,0,0,null,null,null,3/18/2020,3/12/2020,3/18/2020,null
34007,NJ,null,Camden County,1.42857,0,0,0,null,null,null,3/19/2020,3/13/2020,3/19/2020,null
34007,NJ,null,Camden County,1.71429,0,0,0,null,null,null,3/20/2020,3/14/2020,3/20/2020,null
34007,NJ,null,Camden County,1.85714,0,0,0,null,null,null,3/21/2020,3/15/2020,3/21/2020,null
34007,NJ,null,Camden County,2.85714,0,0,0,null,null,null,3/22/2020,3/16/2020,3/22/2020,null
34007,NJ,null,Camden County,4.28571,0,0,0,null,null,null,3/23/2020,3/17/2020,3/23/2020,null
34007,NJ,null,Camden County,6.85714,suppressed,0,0,null,null,null,3/24/2020,3/18/2020,3/24/2020,null
34007,NJ,null,Camden County,7.57143,suppressed,0,0,null,null,null,3/25/2020,3/19/2020,3/25/2020,null
34007,NJ,null,Camden County,8.85714,suppressed,0,0,null,null,null,3/26/2020,3/20/2020,3/26/2020,null
34007,NJ,null,Camden County,11.7143,suppressed,0,0,null,null,null,3/27/2020,3/21/2020,3/27/2020,null
34007,NJ,null,Camden County,15.4286,suppressed,0,0,null,null,null,3/28/2020,3/22/2020,3/28/2020,null
34007,NJ,null,Camden County,20.1429,suppressed,0,0,null,null,null,3/29/2020,3/23/2020,3/29/2020,null
34007,NJ,null,Camden County,23.8571,suppressed,0,0,null,null,null,3/30/2020,3/24/2020,3/30/2020,null
34007,NJ,null,Camden County,25.2857,suppressed,0,0,null,null,null,3/31/2020,3/25/2020,3/31/2020,null
34007,NJ,null,Camden County,32.5714,suppressed,6.57,20,null,null,null,4/1/2020,3/26/2020,4/1/2020,null
34007,NJ,null,Camden County,38.5714,suppressed,11.14,16.67,null,null,null,4/2/2020,3/27/2020,4/2/2020,null
34007,NJ,null,Camden County,44.4286,suppressed,14.71,16.67,null,null,null,4/3/2020,3/28/2020,4/3/2020,null
34007,NJ,null,Camden County,51.1429,suppressed,18,0,null,null,null,4/4/2020,3/29/2020,4/4/2020,null
34007,NJ,null,Camden County,56.1429,suppressed,20.57,0,null,null,null,4/5/2020,3/30/2020,4/5/2020,null
34007,NJ,null,Camden County,63.7143,suppressed,24.71,0,null,null,null,4/6/2020,3/31/2020,4/6/2020,null
34007,NJ,null,Camden County,72.5714,suppressed,26.86,0,null,null,null,4/7/2020,4/1/2020,4/7/2020,null
34007,NJ,null,Camden County,78.4286,2.71429,25.43,1.14,null,null,null,4/8/2020,4/2/2020,4/8/2020,null
34007,NJ,null,Camden County,92.4286,2.42857,26.29,5.28,null,null,null,4/9/2020,4/3/2020,4/9/2020,null
34007,NJ,null,Camden County,95.1429,3.14286,28.29,9.56,null,null,null,4/10/2020,4/4/2020,4/10/2020,null
34007,NJ,null,Camden County,99.8571,3,30.71,13.75,null,null,null,4/11/2020,4/5/2020,4/11/2020,null
34007,NJ,null,Camden County,102,3.42857,34.57,18.82,null,null,null,4/12/2020,4/6/2020,4/12/2020,null
34007,NJ,null,Camden County,107.857,3.42857,38.57,25.23,null,null,null,4/13/2020,4/7/2020,4/13/2020,null
34007,NJ,null,Camden County,105.857,4.14286,46,29.99,null,null,null,4/14/2020,4/8/2020,4/14/2020,null
34007,NJ,null,Camden County,107,3.85714,50.14,32.82,null,null,null,4/15/2020,4/9/2020,4/15/2020,null
34007,NJ,null,Camden County,106.286,5.28571,50.86,32,null,null,null,4/16/2020,4/10/2020,4/16/2020,null
34007,NJ,null,Camden County,105,5,54.29,32.18,null,null,null,4/17/2020,4/11/2020,4/17/2020,null
34007,NJ,null,Camden County,105.429,6.28571,56.71,31.69,null,null,null,4/18/2020,4/12/2020,4/18/2020,null
34007,NJ,null,Camden County,123,6,57.14,29.29,null,null,null,4/19/2020,4/13/2020,4/19/2020,null
34007,NJ,null,Camden County,122,7,58.71,26,null,null,null,4/20/2020,4/14/2020,4/20/2020,null
34007,NJ,null,Camden County,128.857,6.85714,57.71,24.17,null,null,null,4/21/2020,4/15/2020,4/21/2020,null
34007,NJ,null,Camden County,134.429,5.71429,58.86,23.66,null,null,null,4/22/2020,4/16/2020,4/22/2020,null
34007,NJ,null,Camden County,135.571,4.14286,63.43,25.29,null,null,null,4/23/2020,4/17/2020,4/23/2020,null
34007,NJ,null,Camden County,134.714,6,70.43,24.75,null,null,null,4/24/2020,4/18/2020,4/24/2020,null
34007,NJ,null,Camden County,136,6.42857,72.14,25.54,null,null,null,4/25/2020,4/19/2020,4/25/2020,null
34007,NJ,null,Camden County,121.714,6.71429,79.57,27.01,null,null,null,4/26/2020,4/20/2020,4/26/2020,null
34007,NJ,null,Camden County,124.143,5.85714,107.57,26.92,null,null,null,4/27/2020,4/21/2020,4/27/2020,null
34007,NJ,null,Camden County,129.429,5,164.57,27.89,null,null,null,4/28/2020,4/22/2020,4/28/2020,null
34007,NJ,null,Camden County,122.429,6.71429,235.71,28.39,null,null,null,4/29/2020,4/23/2020,4/29/2020,null
34007,NJ,null,Camden County,119.429,8.28571,315,27.39,null,null,null,4/30/2020,4/24/2020,4/30/2020,null
34007,NJ,null,Camden County,128,7,385.29,27.53,null,null,null,5/1/2020,4/25/2020,5/1/2020,null
34007,NJ,null,Camden County,129,6.14286,488.14,26.71,null,null,null,5/2/2020,4/26/2020,5/2/2020,null
34007,NJ,null,Camden County,141.429,6,521.57,25.22,null,null,null,5/3/2020,4/27/2020,5/3/2020,null
34007,NJ,null,Camden County,135.571,5.85714,574.29,26.05,null,null,null,5/4/2020,4/28/2020,5/4/2020,null
34007,NJ,null,Camden County,138,8,625.71,26.09,null,null,null,5/5/2020,4/29/2020,5/5/2020,null
34007,NJ,null,Camden County,131.714,7.57143,646.57,25.05,null,null,null,5/6/2020,4/30/2020,5/6/2020,null
34007,NJ,null,Camden County,137.143,6.57143,679.86,23.97,null,null,null,5/7/2020,5/1/2020,5/7/2020,null
34007,NJ,null,Camden County,139,6.28571,684.43,22.65,null,null,null,5/8/2020,5/2/2020,5/8/2020,null
34007,NJ,null,Camden County,140.714,8,636.57,20.92,null,null,null,5/9/2020,5/3/2020,5/9/2020,null
34007,NJ,null,Camden County,128.143,8.85714,630.14,19.95,null,null,null,5/10/2020,5/4/2020,5/10/2020,null
34007,NJ,null,Camden County,126.571,9.14286,611.14,19.12,null,null,null,5/11/2020,5/5/2020,5/11/2020,null
34007,NJ,null,Camden County,113.143,8,578,17.8,null,null,null,5/12/2020,5/6/2020,5/12/2020,null
34007,NJ,null,Camden County,113.143,8.14286,573.14,17.12,null,null,null,5/13/2020,5/7/2020,5/13/2020,null
34007,NJ,null,Camden County,99,9,554,17.04,null,null,null,5/14/2020,5/8/2020,5/14/2020,null
34007,NJ,null,Camden County,90.8571,9,589,16.27,null,null,null,5/15/2020,5/9/2020,5/15/2020,null
34007,NJ,null,Camden County,89,7.28571,617.86,15.93,null,null,null,5/16/2020,5/10/2020,5/16/2020,null
34007,NJ,null,Camden County,83.5714,6.71429,656.71,15.37,null,null,null,5/17/2020,5/11/2020,5/17/2020,null
34007,NJ,null,Camden County,87.7143,6.85714,704.29,13.99,null,null,null,5/18/2020,5/12/2020,5/18/2020,null
34007,NJ,null,Camden County,85.8571,6.14286,715,13.78,null,null,null,5/19/2020,5/13/2020,5/19/2020,null
34007,NJ,null,Camden County,91.2857,5.71429,809.29,12.32,null,null,null,5/20/2020,5/14/2020,5/20/2020,null
34007,NJ,null,Camden County,92.2857,4.85714,903.71,10.56,null,null,null,5/21/2020,5/15/2020,5/21/2020,null
34007,NJ,null,Camden County,95.4286,5.28571,937.14,9.92,null,null,null,5/22/2020,5/16/2020,5/22/2020,null
34007,NJ,null,Camden County,81.7143,5,916.57,9.65,null,null,null,5/23/2020,5/17/2020,5/23/2020,null
34007,NJ,null,Camden County,81.2857,5,881.86,9.16,null,null,null,5/24/2020,5/18/2020,5/24/2020,null
34007,NJ,null,Camden County,75.7143,4.57143,835.14,8.16,null,null,null,5/25/2020,5/19/2020,5/25/2020,null
34007,NJ,null,Camden County,75.2857,4,838.14,6.81,null,null,null,5/26/2020,5/20/2020,5/26/2020,null
34007,NJ,null,Camden County,69.8571,3.85714,790.14,6.85,null,null,null,5/27/2020,5/21/2020,5/27/2020,null
34007,NJ,null,Camden County,67.7143,4,784.43,6.69,null,null,null,5/28/2020,5/22/2020,5/28/2020,null
34007,NJ,null,Camden County,61,4,810.14,6.44,null,null,null,5/29/2020,5/23/2020,5/29/2020,null
34007,NJ,null,Camden County,67.4286,4.42857,848.86,5.76,null,null,null,5/30/2020,5/24/2020,5/30/2020,null
34007,NJ,null,Camden County,69.4286,4.42857,922,6.13,null,null,null,5/31/2020,5/25/2020,5/31/2020,null
34007,NJ,null,Camden County,62.8571,4.42857,985.86,6.65,null,null,null,6/1/2020,5/26/2020,6/1/2020,null
34007,NJ,New Jersey,Camden County,61.7143,4.57143,1108.29,6.24,0,0,0,6/2/2020,5/27/2020,6/2/2020,null
34007,NJ,New Jersey,Camden County,59.7143,4.71429,1166.86,6.01,0,0,0,6/3/2020,5/28/2020,6/3/2020,null
34007,NJ,New Jersey,Camden County,53,4.85714,1150,5.86,0,0,0,6/4/2020,5/29/2020,6/4/2020,null
34007,NJ,New Jersey,Camden County,54.5714,4.28571,1110.57,5.64,0,0,0,6/5/2020,5/30/2020,6/5/2020,null
34007,NJ,New Jersey,Camden County,51.4286,4.28571,1148.14,5.62,0,0,0,6/6/2020,5/31/2020,6/6/2020,null
34007,NJ,New Jersey,Camden County,41.2857,4.42857,1140.43,5.04,0,0,0,6/7/2020,6/1/2020,6/7/2020,null
34007,NJ,New Jersey,Camden County,40.5714,5.14286,1177.71,4.51,0,0,0,6/8/2020,6/2/2020,6/8/2020,null
34007,NJ,New Jersey,Camden County,35.1429,6,1150.57,4.32,0,0,0,6/9/2020,6/3/2020,6/9/2020,null
34007,NJ,New Jersey,Camden County,36.8571,6.85714,1168.43,4.33,0,0,0,6/10/2020,6/4/2020,6/10/2020,null
34007,NJ,New Jersey,Camden County,39.2857,6.71429,1153.71,4.32,0,0,0,6/11/2020,6/5/2020,6/11/2020,null
34007,NJ,New Jersey,Camden County,31.4286,6,1153.14,3.94,0,0,0,6/12/2020,6/6/2020,6/12/2020,null
34007,NJ,New Jersey,Camden County,28.7143,5.85714,1160.14,4.07,0,0,0,6/13/2020,6/7/2020,6/13/2020,null
34007,NJ,New Jersey,Camden County,31.2857,5.42857,1165.43,4.12,0,0,0,6/14/2020,6/8/2020,6/14/2020,null
34007,NJ,New Jersey,Camden County,28.2857,5.85714,1104.57,4.1,0,0,0,6/15/2020,6/9/2020,6/15/2020,null
34007,NJ,New Jersey,Camden County,27.2857,4.85714,1115.29,4.07,0,0,0,6/16/2020,6/10/2020,6/16/2020,null
34007,NJ,New Jersey,Camden County,20.5714,3,1063.43,3.83,0,0,0,6/17/2020,6/11/2020,6/17/2020,null
34007,NJ,New Jersey,Camden County,17.5714,2.28571,1079.43,3.66,0,0,0,6/18/2020,6/12/2020,6/18/2020,null
34007,NJ,New Jersey,Camden County,19.4286,2.28571,1105,3.72,0,0,0,6/19/2020,6/13/2020,6/19/2020,null
34007,NJ,New Jersey,Camden County,18.7143,1.57143,1095.86,3.56,0,0,0,6/20/2020,6/14/2020,6/20/2020,null
34007,NJ,New Jersey,Camden County,16.7143,suppressed,1085.14,3.78,0,0,0,6/21/2020,6/15/2020,6/21/2020,null
34007,NJ,New Jersey,Camden County,18.2857,suppressed,1130.57,3.78,0,0,0,6/22/2020,6/16/2020,6/22/2020,null
34007,NJ,New Jersey,Camden County,17.5714,suppressed,1129.14,3.82,0,0,0,6/23/2020,6/17/2020,6/23/2020,null
34007,NJ,New Jersey,Camden County,19.7143,1.42857,1147.14,4.05,0,0,0,6/24/2020,6/18/2020,6/24/2020,null
34007,NJ,New Jersey,Camden County,21.5714,8.42857,1157.29,3.98,0,0,0,6/25/2020,6/19/2020,6/25/2020,null
34007,NJ,New Jersey,Camden County,22.4286,9,1147.57,3.94,0,0,0,6/26/2020,6/20/2020,6/26/2020,null
34007,NJ,New Jersey,Camden County,23,9.14286,1127.71,3.72,0,0,0,6/27/2020,6/21/2020,6/27/2020,null
34007,NJ,New Jersey,Camden County,21.2857,9.57143,1173.29,3.61,0,0,0,6/28/2020,6/22/2020,6/28/2020,null
34007,NJ,New Jersey,Camden County,20.5714,9.71429,1202.71,3.82,0,0,0,6/29/2020,6/23/2020,6/29/2020,null
34007,NJ,New Jersey,Camden County,22,9.71429,1212.86,3.77,0,0,0,6/30/2020,6/24/2020,6/30/2020,null
34007,NJ,New Jersey,Camden County,26.1429,9.71429,1210.86,3.62,0,0,0,7/1/2020,6/25/2020,7/1/2020,null
34007,NJ,New Jersey,Camden County,27.7143,4.14286,1131.43,3.94,0,0,0,7/2/2020,6/26/2020,7/2/2020,null
34007,NJ,New Jersey,Camden County,24.8571,5,1140.14,3.91,0,0,0,7/3/2020,6/27/2020,7/3/2020,null
34007,NJ,New Jersey,Camden County,22.2857,5.42857,1142.14,4.06,0,0,0,7/4/2020,6/28/2020,7/4/2020,null
34007,NJ,New Jersey,Camden County,27.8571,5.42857,1099.14,4.07,0,0,0,7/5/2020,6/29/2020,7/5/2020,null
34007,NJ,New Jersey,Camden County,28.4286,5.71429,1076.86,3.93,0,0,0,7/6/2020,6/30/2020,7/6/2020,null
34007,NJ,New Jersey,Camden County,31.2857,6.42857,1073.86,4.01,0,0,0,7/7/2020,7/1/2020,7/7/2020,null
34007,NJ,New Jersey,Camden County,29.2857,6.42857,1077.71,3.99,0,0,0,7/8/2020,7/2/2020,7/8/2020,null
34007,NJ,New Jersey,Camden County,27.7143,5.28571,1111.29,3.9,0,0,0,7/9/2020,7/3/2020,7/9/2020,null
34007,NJ,New Jersey,Camden County,30.2857,4,1073.57,3.96,0,0,0,7/10/2020,7/4/2020,7/10/2020,null
34007,NJ,New Jersey,Camden County,33.7143,4,1100.57,3.79,0,0,0,7/11/2020,7/5/2020,7/11/2020,null
34007,NJ,New Jersey,Camden County,30.4286,3.57143,1118.86,3.7,0,0,0,7/12/2020,7/6/2020,7/12/2020,null
34007,NJ,New Jersey,Camden County,31.4286,3.71429,1086.86,3.7,0,0,0,7/13/2020,7/7/2020,7/13/2020,null
34007,NJ,New Jersey,Camden County,30,2.42857,1051.29,3.54,0,0,0,7/14/2020,7/8/2020,7/14/2020,null
34007,NJ,New Jersey,Camden County,28.8571,2.57143,1081.43,3.66,0.29,2.92,1.61,7/15/2020,7/9/2020,7/15/2020,null
34007,NJ,New Jersey,Camden County,26.5714,2.42857,1120.43,3.56,0.29,2.92,1.61,7/16/2020,7/10/2020,7/16/2020,null
34007,NJ,New Jersey,Camden County,22.8571,2.28571,1132.29,3.52,1.14,3.14,1.61,7/17/2020,7/11/2020,7/17/2020,null
34007,NJ,New Jersey,Camden County,21.1429,1.57143,1144.43,3.65,1.57,3.39,1.61,7/18/2020,7/12/2020,7/18/2020,null
34007,NJ,New Jersey,Camden County,19.5714,1.85714,1187.43,3.64,1.86,3.5,1.94,7/19/2020,7/13/2020,7/19/2020,null
34007,NJ,New Jersey,Camden County,18.4286,suppressed,1221.57,3.45,2.29,3.6,2.42,7/20/2020,7/14/2020,7/20/2020,null
34007,NJ,New Jersey,Camden County,17.2857,suppressed,1254.71,3.39,2.57,3.6,2.76,7/21/2020,7/15/2020,7/21/2020,null
34007,NJ,New Jersey,Camden County,16.1429,suppressed,1295.57,3.38,2.29,3.63,3.83,7/22/2020,7/16/2020,7/22/2020,null
34007,NJ,New Jersey,Camden County,17.7143,suppressed,1357.71,3.2,2.29,3.63,4.22,7/23/2020,7/17/2020,7/23/2020,null
34007,NJ,New Jersey,Camden County,23,suppressed,1428.14,3.09,1.86,3.49,4.36,7/24/2020,7/18/2020,7/24/2020,null
34007,NJ,New Jersey,Camden County,29.7143,suppressed,1492.86,2.95,1.43,3.22,4.36,7/25/2020,7/19/2020,7/25/2020,null
34007,NJ,New Jersey,Camden County,36.8571,suppressed,1488.14,2.99,1.14,3.04,4.46,7/26/2020,7/20/2020,7/26/2020,null
34007,NJ,New Jersey,Camden County,40.7143,suppressed,1503.43,3.02,1.29,2.93,4.36,7/27/2020,7/21/2020,7/27/2020,null
34007,NJ,New Jersey,Camden County,42.8571,suppressed,1516.57,3.17,1.43,2.91,4.48,7/28/2020,7/22/2020,7/28/2020,null
34007,NJ,New Jersey,Camden County,48.1429,suppressed,1472.71,3.09,1.86,2.87,4.37,7/29/2020,7/23/2020,7/29/2020,null
34007,NJ,New Jersey,Camden County,47.1429,suppressed,1433.43,3.23,2.29,2.8,4.56,7/30/2020,7/24/2020,7/30/2020,null
34007,NJ,New Jersey,Camden County,49.8571,suppressed,1413.43,3.28,2.43,2.81,4.87,7/31/2020,7/25/2020,7/31/2020,null
34007,NJ,New Jersey,Camden County,44,suppressed,1380.43,3.41,2.71,2.88,5.15,8/1/2020,7/26/2020,8/1/2020,null
34007,NJ,New Jersey,Camden County,38.5714,suppressed,1400.29,3.27,3.71,2.9,5.29,8/2/2020,7/27/2020,8/2/2020,null
34007,NJ,New Jersey,Camden County,35,suppressed,1417.86,3.27,3.43,2.85,5.73,8/3/2020,7/28/2020,8/3/2020,null
34007,NJ,New Jersey,Camden County,33.2857,suppressed,1384.71,3.26,3,2.78,5.82,8/4/2020,7/29/2020,8/4/2020,null
34007,NJ,New Jersey,Camden County,31,suppressed,1414.43,3.16,2.57,2.73,6.03,8/5/2020,7/30/2020,8/5/2020,null
34007,NJ,New Jersey,Camden County,32,suppressed,1470.43,2.96,2.14,2.74,6.14,8/6/2020,7/31/2020,8/6/2020,null
34007,NJ,New Jersey,Camden County,28.2857,suppressed,1480.29,3,1.57,2.69,6.18,8/7/2020,8/1/2020,8/7/2020,null
34007,NJ,New Jersey,Camden County,27.2857,suppressed,1449.86,2.91,1.29,2.71,6.47,8/8/2020,8/2/2020,8/8/2020,null
34007,NJ,New Jersey,Camden County,29.2857,suppressed,1442,2.83,0.29,2.82,7.33,8/9/2020,8/3/2020,8/9/2020,null
34007,NJ,New Jersey,Camden County,29.2857,suppressed,1410,2.65,0,2.92,0,8/10/2020,8/4/2020,8/10/2020,null
34007,NJ,New Jersey,Camden County,30.5714,suppressed,1427,2.85,0,3.04,0,8/11/2020,8/5/2020,8/11/2020,null
34007,NJ,New Jersey,Camden County,29,suppressed,1417.57,2.94,0,3.04,0,8/12/2020,8/6/2020,8/12/2020,null
34007,NJ,New Jersey,Camden County,32.1429,suppressed,1371.57,3.1,0.43,3.06,0,8/13/2020,8/7/2020,8/13/2020,null
34007,NJ,New Jersey,Camden County,33.4286,suppressed,1404.86,3.08,0.86,3.09,0,8/14/2020,8/8/2020,8/14/2020,null
34007,NJ,New Jersey,Camden County,35.5714,suppressed,1410,3.08,1.71,3.06,0,8/15/2020,8/9/2020,8/15/2020,null
34007,NJ,New Jersey,Camden County,33,suppressed,1376.86,3.18,2.29,3.01,0,8/16/2020,8/10/2020,8/16/2020,null
34007,NJ,New Jersey,Camden County,34.2857,suppressed,1415.29,3.14,2.71,2.95,0,8/17/2020,8/11/2020,8/17/2020,null
34007,NJ,New Jersey,Camden County,33,suppressed,1435.14,2.93,3,2.81,0,8/18/2020,8/12/2020,8/18/2020,null
34007,NJ,New Jersey,Camden County,33.8571,suppressed,1433.14,2.81,3.57,2.64,0,8/19/2020,8/13/2020,8/19/2020,null
34007,NJ,New Jersey,Camden County,30,suppressed,1467.57,2.53,3.71,2.43,0,8/20/2020,8/14/2020,8/20/2020,null
34007,NJ,New Jersey,Camden County,26.7143,suppressed,1458.14,2.38,4.29,2.24,0,8/21/2020,8/15/2020,8/21/2020,null
34007,NJ,New Jersey,Camden County,23.4286,suppressed,1483.14,2.37,4,1.87,4.17,8/22/2020,8/16/2020,8/22/2020,null
34007,NJ,New Jersey,Camden County,24,suppressed,1482.14,2.39,4,1.51,5,8/23/2020,8/17/2020,8/23/2020,null
34007,NJ,New Jersey,Camden County,22.7143,suppressed,1447.14,2.84,3.71,1.17,5.32,8/24/2020,8/18/2020,8/24/2020,null
34007,NJ,New Jersey,Camden County,22.2857,suppressed,1461.29,2.68,4.43,0.93,5.04,8/25/2020,8/19/2020,8/25/2020,null
34007,NJ,New Jersey,Camden County,19.7143,suppressed,1479,2.69,4.57,0.71,5.04,8/26/2020,8/20/2020,8/26/2020,null
34007,NJ,New Jersey,Camden County,22.1429,suppressed,1445.57,2.81,4.57,0.48,5.17,8/27/2020,8/21/2020,8/27/2020,null
34007,NJ,New Jersey,Camden County,24.7143,suppressed,1429.57,2.76,4.14,0.27,5.26,8/28/2020,8/22/2020,8/28/2020,null
34007,NJ,New Jersey,Camden County,25.4286,suppressed,1433,2.59,4.29,0.55,5.12,8/29/2020,8/23/2020,8/29/2020,null
34007,NJ,New Jersey,Camden County,25.8571,suppressed,1434.71,2.49,4.57,0.85,4.96,8/30/2020,8/24/2020,8/30/2020,null
34007,NJ,New Jersey,Camden County,25.4286,suppressed,1461.14,2.3,5.14,1.19,4.64,8/31/2020,8/25/2020,8/31/2020,null
34007,NJ,New Jersey,Camden County,25.2857,suppressed,1464,2.25,5.57,1.5,4.72,9/1/2020,8/26/2020,9/1/2020,null
34007,NJ,New Jersey,Camden County,25.4286,suppressed,1478,2.31,6,1.78,4.69,9/2/2020,8/27/2020,9/2/2020,null
34007,NJ,New Jersey,Camden County,26.1429,suppressed,1468.86,2.35,5.71,2.08,4.69,9/3/2020,8/28/2020,9/3/2020,null
34007,NJ,New Jersey,Camden County,25.2857,suppressed,1459.43,2.56,6,2.37,4.56,9/4/2020,8/29/2020,9/4/2020,null
34007,NJ,New Jersey,Camden County,25.1429,suppressed,1397.71,2.78,5.86,2.39,4.56,9/5/2020,8/30/2020,9/5/2020,null
34007,NJ,New Jersey,Camden County,24.1429,suppressed,1419.71,2.78,5.29,2.41,4.61,9/6/2020,8/31/2020,9/6/2020,null
34007,NJ,New Jersey,Camden County,25.5714,suppressed,1326.71,2.52,4.86,2.38,4.61,9/7/2020,9/1/2020,9/7/2020,null
34007,NJ,New Jersey,Camden County,25.2857,suppressed,1362.57,2.64,3.71,2.32,4.46,9/8/2020,9/2/2020,9/8/2020,null
34007,NJ,New Jersey,Camden County,26.5714,suppressed,1375.14,2.58,3.43,2.29,4.46,9/9/2020,9/3/2020,9/9/2020,null
34007,NJ,New Jersey,Camden County,25.1429,suppressed,1373.71,2.64,3.57,2.23,4.37,9/10/2020,9/4/2020,9/10/2020,null
34007,NJ,New Jersey,Camden County,25,suppressed,1398.43,2.45,3.57,2.17,4.57,9/11/2020,9/5/2020,9/11/2020,null
34007,NJ,New Jersey,Camden County,24,suppressed,1468.29,2.28,3.43,2.11,4.79,9/12/2020,9/6/2020,9/12/2020,null
34007,NJ,New Jersey,Camden County,23.5714,suppressed,1486.43,2.32,3.29,2.03,4.55,9/13/2020,9/7/2020,9/13/2020,null
34007,NJ,New Jersey,Camden County,24.2857,suppressed,1582.86,2.44,3.29,1.98,4.46,9/14/2020,9/8/2020,9/14/2020,null
34007,NJ,New Jersey,Camden County,25.5714,suppressed,1568.71,2.35,3.71,1.91,4.67,9/15/2020,9/9/2020,9/15/2020,null
34007,NJ,New Jersey,Camden County,25.5714,suppressed,1553.14,2.31,3.14,1.88,4.74,9/16/2020,9/10/2020,9/16/2020,null
34007,NJ,New Jersey,Camden County,27.7143,suppressed,1570.71,2.19,3,1.79,4.76,9/17/2020,9/11/2020,9/17/2020,null
34007,NJ,New Jersey,Camden County,26.8571,suppressed,1604.43,2.23,3,1.68,4.5,9/18/2020,9/12/2020,9/18/2020,null
34007,NJ,New Jersey,Camden County,29.5714,suppressed,1617.29,2.31,3,1.65,4.32,9/19/2020,9/13/2020,9/19/2020,null
34007,NJ,New Jersey,Camden County,33,suppressed,1565.57,2.23,3.14,1.63,4.27,9/20/2020,9/14/2020,9/20/2020,null
34007,NJ,New Jersey,Camden County,31.8571,suppressed,1562.86,2.09,3.14,1.62,4.19,9/21/2020,9/15/2020,9/21/2020,null
34007,NJ,New Jersey,Camden County,30.5714,suppressed,1576.57,2.05,3.71,1.63,3.91,9/22/2020,9/16/2020,9/22/2020,null
34007,NJ,New Jersey,Camden County,28.8571,suppressed,1583,2.1,4.43,1.64,3.76,9/23/2020,9/17/2020,9/23/2020,null
34007,NJ,New Jersey,Camden County,27.4286,suppressed,1604.57,2.23,5.14,1.71,3.82,9/24/2020,9/18/2020,9/24/2020,null
34007,NJ,New Jersey,Camden County,27.1429,suppressed,1617.14,2.18,5.43,1.86,4.07,9/25/2020,9/19/2020,9/25/2020,null
34007,NJ,New Jersey,Camden County,27.5714,suppressed,1567.14,2.19,5.43,1.97,4.31,9/26/2020,9/20/2020,9/26/2020,null
34007,NJ,New Jersey,Camden County,25.8571,suppressed,1599.43,2.21,5.57,2.08,4.84,9/27/2020,9/21/2020,9/27/2020,null
34007,NJ,New Jersey,Camden County,25.4286,suppressed,1570.14,2.51,5.57,2.22,5.32,9/28/2020,9/22/2020,9/28/2020,null
34007,NJ,New Jersey,Camden County,25.5714,suppressed,1594.71,2.72,4.86,2.33,5.69,9/29/2020,9/23/2020,9/29/2020,null
34007,NJ,New Jersey,Camden County,28.1429,suppressed,1585.43,2.89,4.71,2.47,5.94,9/30/2020,9/24/2020,9/30/2020,null
34007,NJ,New Jersey,Camden County,28.1429,suppressed,1572.57,2.91,4.43,2.52,5.88,10/1/2020,9/25/2020,10/1/2020,null
34007,NJ,New Jersey,Camden County,30.2857,suppressed,1577.43,2.98,3.86,2.53,5.76,10/2/2020,9/26/2020,10/2/2020,null
34007,NJ,New Jersey,Camden County,32.1429,suppressed,1606.71,2.95,4.14,2.53,5.76,10/3/2020,9/27/2020,10/3/2020,null
34007,NJ,New Jersey,Camden County,33.7143,suppressed,1607.86,3.13,4.71,2.59,5.63,10/4/2020,9/28/2020,10/4/2020,null
34007,NJ,New Jersey,Camden County,34.5714,suppressed,1726.57,2.88,5.71,2.71,5.59,10/5/2020,9/29/2020,10/5/2020,null
34007,NJ,New Jersey,Camden County,34.7143,suppressed,1750.29,2.84,6.29,2.82,5.6,10/6/2020,9/30/2020,10/6/2020,null
34007,NJ,New Jersey,Camden County,33.8571,suppressed,1861.57,2.93,6.43,2.93,5.62,10/7/2020,10/1/2020,10/7/2020,null
34007,NJ,New Jersey,Camden County,41.4286,suppressed,1907.14,2.92,6.14,3.1,5.94,10/8/2020,10/2/2020,10/8/2020,null
34007,NJ,New Jersey,Camden County,48.4286,suppressed,1929.29,3.23,7,3.3,6.23,10/9/2020,10/3/2020,10/9/2020,null
34007,NJ,New Jersey,Camden County,47.5714,suppressed,1973.29,3.29,7.57,3.49,6.42,10/10/2020,10/4/2020,10/10/2020,null
34007,NJ,New Jersey,Camden County,49.4286,suppressed,1973.43,3.47,8,3.64,6.48,10/11/2020,10/5/2020,10/11/2020,null
34007,NJ,New Jersey,Camden County,49.2857,suppressed,1975.14,3.63,7.71,3.66,6.53,10/12/2020,10/6/2020,10/12/2020,null
34007,NJ,New Jersey,Camden County,54.7143,suppressed,1958.86,3.74,7.57,3.66,6.65,10/13/2020,10/7/2020,10/13/2020,null
34007,NJ,New Jersey,Camden County,55.8571,suppressed,1957.86,3.69,7.86,3.61,6.55,10/14/2020,10/8/2020,10/14/2020,null
34007,NJ,New Jersey,Camden County,51.4286,suppressed,2009.57,3.7,9.29,3.63,6.5,10/15/2020,10/9/2020,10/15/2020,null
34007,NJ,New Jersey,Camden County,45.8571,suppressed,2030.29,3.63,9.86,3.66,6.33,10/16/2020,10/10/2020,10/16/2020,null
34007,NJ,New Jersey,Camden County,45.8571,suppressed,2050.71,3.82,10.57,3.67,6.16,10/17/2020,10/11/2020,10/17/2020,null
34007,NJ,New Jersey,Camden County,52.1429,suppressed,2068.43,3.7,10.14,3.7,6.11,10/18/2020,10/12/2020,10/18/2020,null
34007,NJ,New Jersey,Camden County,59.1429,suppressed,2069.43,3.66,10.43,3.81,6.06,10/19/2020,10/13/2020,10/19/2020,null
34007,NJ,New Jersey,Camden County,56.1429,suppressed,2092.86,3.73,10.43,3.93,5.82,10/20/2020,10/14/2020,10/20/2020,null
34007,NJ,New Jersey,Camden County,59.5714,suppressed,2081.86,3.76,11.29,4.1,5.87,10/21/2020,10/15/2020,10/21/2020,null
34007,NJ,New Jersey,Camden County,60.7143,suppressed,2123.14,3.89,10.43,4.2,5.87,10/22/2020,10/16/2020,10/22/2020,null
34007,NJ,New Jersey,Camden County,60,suppressed,2138,3.97,11.14,4.3,6.04,10/23/2020,10/17/2020,10/23/2020,null
34007,NJ,New Jersey,Camden County,71.4286,1.42857,2152.57,3.93,10.57,4.37,6.09,10/24/2020,10/18/2020,10/24/2020,null
34007,NJ,New Jersey,Camden County,63.5714,suppressed,2187.86,4.22,10.43,4.44,6.15,10/25/2020,10/19/2020,10/25/2020,null
34007,NJ,New Jersey,Camden County,61.1429,1.57143,2210.71,4.68,10.57,4.56,6.15,10/26/2020,10/20/2020,10/26/2020,null
34007,NJ,New Jersey,Camden County,65.8571,2,2272.57,4.74,12.71,4.7,6.38,10/27/2020,10/21/2020,10/27/2020,null
34007,NJ,New Jersey,Camden County,73.1429,1.85714,2274.86,4.87,12.86,4.81,6.87,10/28/2020,10/22/2020,10/28/2020,null
34007,NJ,New Jersey,Camden County,78,1.57143,2230.29,5.25,13.43,4.99,7.27,10/29/2020,10/23/2020,10/29/2020,null
34007,NJ,New Jersey,Camden County,87.7143,1.57143,2271.71,5.81,13.29,5.16,7.74,10/30/2020,10/24/2020,10/30/2020,null
34007,NJ,New Jersey,Camden County,80,suppressed,2242.71,6.15,14,5.36,8.22,10/31/2020,10/25/2020,10/31/2020,null
34007,NJ,New Jersey,Camden County,101.143,suppressed,2288.29,6.25,14.86,5.6,8.49,11/1/2020,10/26/2020,11/1/2020,null
34007,NJ,New Jersey,Camden County,103.429,suppressed,2333.29,6.29,14.57,5.72,8.77,11/2/2020,10/27/2020,11/2/2020,null
34007,NJ,New Jersey,Camden County,109.286,suppressed,2339.57,6.65,14,5.88,9.1,11/3/2020,10/28/2020,11/3/2020,null
34007,NJ,New Jersey,Camden County,115.571,suppressed,2407,7.1,15.14,6.09,9.37,11/4/2020,10/29/2020,11/4/2020,null
34007,NJ,New Jersey,Camden County,125.714,suppressed,2468,7.23,17.14,6.43,9.81,11/5/2020,10/30/2020,11/5/2020,null
34007,NJ,New Jersey,Camden County,133.286,suppressed,2426.29,7.37,17.29,6.73,10.13,11/6/2020,10/31/2020,11/6/2020,null
34007,NJ,New Jersey,Camden County,157.143,suppressed,2533.14,7.87,19,7.02,10.53,11/7/2020,11/1/2020,11/7/2020,null
34007,NJ,New Jersey,Camden County,147.429,suppressed,2539.43,8.47,20.71,7.38,10.99,11/8/2020,11/2/2020,11/8/2020,null
34007,NJ,New Jersey,Camden County,165.571,suppressed,2545.71,8.91,23,7.89,11.45,11/9/2020,11/3/2020,11/9/2020,null
34007,NJ,New Jersey,Camden County,178.143,suppressed,2615.29,9.3,26.29,8.52,12,11/10/2020,11/4/2020,11/10/2020,null
34007,NJ,New Jersey,Camden County,187.143,suppressed,2731.71,9.88,28.71,9.13,12.49,11/11/2020,11/5/2020,11/11/2020,null
34007,NJ,New Jersey,Camden County,202.286,suppressed,2796.29,10.27,30.57,9.7,12.87,11/12/2020,11/6/2020,11/12/2020,null
34007,NJ,New Jersey,Camden County,214.857,suppressed,2927.14,10.39,33.29,10.37,13.6,11/13/2020,11/7/2020,11/13/2020,null
34007,NJ,New Jersey,Camden County,223.571,suppressed,2901.86,10.87,34.86,11.16,14.34,11/14/2020,11/8/2020,11/14/2020,null
34007,NJ,New Jersey,Camden County,263.286,suppressed,2932.71,10.84,37.57,11.93,14.96,11/15/2020,11/9/2020,11/15/2020,null
34007,NJ,New Jersey,Camden County,259,suppressed,3085.43,10.77,41.86,12.85,16.34,11/16/2020,11/10/2020,11/16/2020,null
34007,NJ,New Jersey,Camden County,268,suppressed,3178.29,10.89,42.86,13.46,17.28,11/17/2020,11/11/2020,11/17/2020,null
34007,NJ,New Jersey,Camden County,268.429,1.42857,3175.86,10.69,42.14,13.93,17.99,11/18/2020,11/12/2020,11/18/2020,null
34007,NJ,New Jersey,Camden County,273.857,2,3206.43,11.06,43.43,14.24,18.58,11/19/2020,11/13/2020,11/19/2020,null
34007,NJ,New Jersey,Camden County,276.714,2.14286,3247.14,11.41,47.43,14.64,19.17,11/20/2020,11/14/2020,11/20/2020,null
34007,NJ,New Jersey,Camden County,296.571,2.42857,3343.29,11.57,48.86,15.04,20.16,11/21/2020,11/15/2020,11/21/2020,null
34007,NJ,New Jersey,Camden County,285.571,2.14286,3393.14,11.8,48.71,15.44,21.81,11/22/2020,11/16/2020,11/22/2020,null
34007,NJ,New Jersey,Camden County,297,2.14286,3330.14,12.26,48.29,15.71,22.63,11/23/2020,11/17/2020,11/23/2020,null
34007,NJ,New Jersey,Camden County,297.714,3,3394.57,12.27,47,16.08,23.93,11/24/2020,11/18/2020,11/24/2020,null
34007,NJ,New Jersey,Camden County,308,2.71429,3360.43,12.66,52.29,16.68,24.63,11/25/2020,11/19/2020,11/25/2020,null
34007,NJ,New Jersey,Camden County,311,2.14286,3202.71,12.78,52.86,17.17,24.81,11/26/2020,11/20/2020,11/26/2020,null
34007,NJ,New Jersey,Camden County,325,1.85714,2979.86,12.98,49.43,17.55,24.75,11/27/2020,11/21/2020,11/27/2020,null
34007,NJ,New Jersey,Camden County,279.571,suppressed,2947.14,13.27,48.71,17.87,24.57,11/28/2020,11/22/2020,11/28/2020,null
34007,NJ,New Jersey,Camden County,299.143,1.57143,2856.57,13.8,47,18,23.63,11/29/2020,11/23/2020,11/29/2020,null
34007,NJ,New Jersey,Camden County,305.429,1.57143,2838.29,13.92,46.57,18.22,23.05,11/30/2020,11/24/2020,11/30/2020,null
34007,NJ,New Jersey,Camden County,303.143,1.85714,2677,14.41,51.29,18.47,22.27,12/1/2020,11/25/2020,12/1/2020,null
34007,NJ,New Jersey,Camden County,339.286,2,2712,14.66,47.57,18.54,22.43,12/2/2020,11/26/2020,12/2/2020,null
34007,NJ,New Jersey,Camden County,351,2.14286,2862,14.95,48.14,18.78,23.18,12/3/2020,11/27/2020,12/3/2020,null
34007,NJ,New Jersey,Camden County,370.143,2.85714,3011.86,15.14,49.86,19.02,23.8,12/4/2020,11/28/2020,12/4/2020,null
34007,NJ,New Jersey,Camden County,405,3.28571,2963.57,14.86,52.71,19.21,24.53,12/5/2020,11/29/2020,12/5/2020,null
34007,NJ,New Jersey,Camden County,414,3.28571,2947.57,14.47,59.14,19.52,25.75,12/6/2020,11/30/2020,12/6/2020,null
34007,NJ,New Jersey,Camden County,405.286,3.42857,3014.43,14.02,61,19.74,26.77,12/7/2020,12/1/2020,12/7/2020,null
34007,NJ,New Jersey,Camden County,426.286,2.85714,2970.71,14.08,60.14,19.92,27.64,12/8/2020,12/2/2020,12/8/2020,null
34007,NJ,New Jersey,Camden County,411.286,4,2718.57,13.41,59.86,20.09,28.21,12/9/2020,12/3/2020,12/9/2020,null
34007,NJ,New Jersey,Camden County,397.429,4.57143,2695.86,13.25,60.71,20.32,28.69,12/10/2020,12/4/2020,12/10/2020,null
34007,NJ,New Jersey,Camden County,363.286,5,2717.29,12.81,60.86,20.28,28.4,12/11/2020,12/5/2020,12/11/2020,null
34007,NJ,New Jersey,Camden County,388.714,5.14286,2722,12.79,59.29,20.26,27.49,12/12/2020,12/6/2020,12/12/2020,null
34007,NJ,New Jersey,Camden County,335.286,5,2723.14,12.89,56.86,20.32,26.56,12/13/2020,12/7/2020,12/13/2020,null
34007,NJ,New Jersey,Camden County,357.429,5.28571,2676.57,13.01,53.43,20.23,26,12/14/2020,12/8/2020,12/14/2020,null
34007,NJ,New Jersey,Camden County,335.429,5.57143,2791.14,12.71,53.43,20.1,25.61,12/15/2020,12/9/2020,12/15/2020,null
34007,NJ,New Jersey,Camden County,340.571,4.42857,2943.43,12.97,54.86,20.04,25.21,12/16/2020,12/10/2020,12/16/2020,null
34007,NJ,New Jersey,Camden County,343.429,4.28571,2796.14,12.92,53.86,19.93,25.15,12/17/2020,12/11/2020,12/17/2020,null
34007,NJ,New Jersey,Camden County,343.286,3.85714,2818.14,13.05,54,20,25.49,12/18/2020,12/12/2020,12/18/2020,null
34007,NJ,New Jersey,Camden County,308.571,3.28571,2774.71,12.91,55.86,19.98,26.44,12/19/2020,12/13/2020,12/19/2020,null
34007,NJ,New Jersey,Camden County,342.571,3.42857,2758,13.09,54,19.86,27.48,12/20/2020,12/14/2020,12/20/2020,null
34007,NJ,New Jersey,Camden County,312,3.28571,2749.43,13.38,56,19.94,28.05,12/21/2020,12/15/2020,12/21/2020,null
34007,NJ,New Jersey,Camden County,320.429,2.85714,2744.86,13.13,56.29,20.11,28.38,12/22/2020,12/16/2020,12/22/2020,null
34007,NJ,New Jersey,Camden County,315.286,3.42857,2755.57,13.38,57,20.14,29,12/23/2020,12/17/2020,12/23/2020,null
34007,NJ,New Jersey,Camden County,312.286,3.42857,2767.43,13.05,57.43,20.11,29.09,12/24/2020,12/18/2020,12/24/2020,null
34007,NJ,New Jersey,Camden County,316.429,3.57143,2472,13.05,56.71,20.02,29.28,12/25/2020,12/19/2020,12/25/2020,null
34007,NJ,New Jersey,Camden County,320.714,3.71429,2323.71,13.17,54.86,20.06,29.19,12/26/2020,12/20/2020,12/26/2020,null
34007,NJ,New Jersey,Camden County,290.857,3.57143,2241.14,12.67,55.57,20.16,28.67,12/27/2020,12/21/2020,12/27/2020,null
34007,NJ,New Jersey,Camden County,287.857,3.71429,2211,12.85,56.43,20.16,28.19,12/28/2020,12/22/2020,12/28/2020,null
34007,NJ,New Jersey,Camden County,281.286,4.42857,2233.86,12.95,55.14,20.19,28,12/29/2020,12/23/2020,12/29/2020,null
34007,NJ,New Jersey,Camden County,290.143,6,2196.71,12.96,56.14,20.41,27.57,12/30/2020,12/24/2020,12/30/2020,null
34007,NJ,New Jersey,Camden County,294.286,6.28571,2242.14,13.23,55.43,20.58,27.15,12/31/2020,12/25/2020,12/31/2020,null
34007,NJ,New Jersey,Camden County,292.143,6.71429,2302.86,13.21,55.57,20.72,26.63,1/1/2021,12/26/2020,1/1/2021,null
34007,NJ,New Jersey,Camden County,298.857,6.85714,2430.29,13.31,54.14,20.8,26.29,1/2/2021,12/27/2020,1/2/2021,null
34007,NJ,New Jersey,Camden County,301.857,7.28571,2515,13.36,54.14,20.92,26.15,1/3/2021,12/28/2020,1/3/2021,null
34007,NJ,New Jersey,Camden County,299.857,7,2439,13.41,52.71,20.94,26.01,1/4/2021,12/29/2020,1/4/2021,null
34007,NJ,New Jersey,Camden County,303.857,7.28571,2391.29,13.65,54.29,21.09,25.49,1/5/2021,12/30/2020,1/5/2021,null
34007,NJ,New Jersey,Camden County,302.714,5.57143,2420.43,13.24,53.14,21.03,24.82,1/6/2021,12/31/2020,1/6/2021,null
34007,NJ,New Jersey,Camden County,308,7,2391.43,13.07,54.71,21.09,24.68,1/7/2021,1/1/2021,1/7/2021,null
34007,NJ,New Jersey,Camden County,321.571,7.71429,2598.71,12.95,55,21.19,24.6,1/8/2021,1/2/2021,1/8/2021,null
34007,NJ,New Jersey,Camden County,324,8.85714,2703,12.55,56,21.17,24.22,1/9/2021,1/3/2021,1/9/2021,null
34007,NJ,New Jersey,Camden County,336.857,8.42857,2745.71,12.53,56.57,21.05,23.69,1/10/2021,1/4/2021,1/10/2021,null
34007,NJ,New Jersey,Camden County,341.714,8.28571,2900.71,11.91,56.14,21.09,23.41,1/11/2021,1/5/2021,1/11/2021,null
34007,NJ,New Jersey,Camden County,324.857,7.57143,2973.57,11.36,53.86,21.04,23.11,1/12/2021,1/6/2021,1/12/2021,null
34007,NJ,New Jersey,Camden County,339.429,8.71429,3008.57,11.39,55,21.14,23.06,1/13/2021,1/7/2021,1/13/2021,null
34007,NJ,New Jersey,Camden County,339.857,6.42857,3109.29,10.9,52,21.13,22.55,1/14/2021,1/8/2021,1/14/2021,null
34007,NJ,New Jersey,Camden County,337.143,6.14286,3057,10.54,50.43,20.86,22.14,1/15/2021,1/9/2021,1/15/2021,null
34007,NJ,New Jersey,Camden County,321.857,5,3016.57,10.44,50.57,20.36,21.5,1/16/2021,1/10/2021,1/16/2021,null
34007,NJ,New Jersey,Camden County,310.857,5,2960.57,10.18,48.29,19.89,21.22,1/17/2021,1/11/2021,1/17/2021,null
34007,NJ,New Jersey,Camden County,310.571,5.14286,2811,10.09,46.14,19.24,20.57,1/18/2021,1/12/2021,1/18/2021,null
34007,NJ,New Jersey,Camden County,314.714,5,2765.14,9.98,46.57,18.64,19.98,1/19/2021,1/13/2021,1/19/2021,null
34007,NJ,New Jersey,Camden County,288.571,4.28571,2809.57,9.63,43.86,17.95,19.31,1/20/2021,1/14/2021,1/20/2021,high
34007,NJ,New Jersey,Camden County,269.714,5.85714,2805.43,9.6,45,17.29,18.77,1/21/2021,1/15/2021,1/21/2021,high
34007,NJ,New Jersey,Camden County,256.143,6.28571,2823.86,9.5,45.86,16.77,17.97,1/22/2021,1/16/2021,1/22/2021,high
34007,NJ,New Jersey,Camden County,267,6.14286,2816.43,9.51,44.14,16.59,17.43,1/23/2021,1/17/2021,1/23/2021,high
34007,NJ,New Jersey,Camden County,276.571,6.57143,2841.14,9.55,43.14,16.38,16.84,1/24/2021,1/18/2021,1/24/2021,high
34007,NJ,New Jersey,Camden County,280.714,7.14286,2872.29,9.33,44.29,16.27,16.34,1/25/2021,1/19/2021,1/25/2021,high
34007,NJ,New Jersey,Camden County,278.714,7.42857,2855.14,9.01,42.71,16,16.21,1/26/2021,1/20/2021,1/26/2021,high
34007,NJ,New Jersey,Camden County,274.286,7.14286,2808.14,8.9,42.29,15.86,16.17,1/27/2021,1/21/2021,1/27/2021,high
34007,NJ,New Jersey,Camden County,265.571,6.57143,2770.43,8.68,40.43,15.53,15.84,1/28/2021,1/22/2021,1/28/2021,high
34007,NJ,New Jersey,Camden County,274.286,5.42857,2738.14,8.51,39.43,15.28,15.75,1/29/2021,1/23/2021,1/29/2021,high
34007,NJ,New Jersey,Camden County,255,6.71429,2690.71,8.28,39.43,15.02,15.84,1/30/2021,1/24/2021,1/30/2021,high
34007,NJ,New Jersey,Camden County,241.286,6.71429,2654.71,7.95,38.57,14.72,15.96,1/31/2021,1/25/2021,1/31/2021,high
34007,NJ,New Jersey,Camden County,227.571,6.57143,2507.57,7.55,37.14,14.31,16.42,2/1/2021,1/26/2021,2/1/2021,high
34007,NJ,New Jersey,Camden County,215.571,6.14286,2249.29,7.6,35.71,14.09,16.55,2/2/2021,1/27/2021,2/2/2021,high
34007,NJ,New Jersey,Camden County,200.143,5.71429,2237.86,7.31,34.86,13.78,16.38,2/3/2021,1/28/2021,2/3/2021,high
34007,NJ,New Jersey,Camden County,188,5.85714,2281.57,7.24,35.57,13.73,16.6,2/4/2021,1/29/2021,2/4/2021,high
34007,NJ,New Jersey,Camden County,165.286,6.14286,2305,7,34.86,13.63,16.81,2/5/2021,1/30/2021,2/5/2021,high
34007,NJ,New Jersey,Camden County,151.857,5,2305.43,6.75,34.71,13.51,17.22,2/6/2021,1/31/2021,2/6/2021,high
34007,NJ,New Jersey,Camden County,145.286,4.57143,2265.29,6.71,34.14,13.44,17.06,2/7/2021,2/1/2021,2/7/2021,high
34007,NJ,New Jersey,Camden County,140.429,4.28571,2333.43,6.84,34.29,13.48,16.64,2/8/2021,2/2/2021,2/8/2021,high
34007,NJ,New Jersey,Camden County,137.571,5,2576.71,6.54,33.43,13.3,16.35,2/9/2021,2/3/2021,2/9/2021,high
34007,NJ,New Jersey,Camden County,149.286,4.85714,2519,6.47,32.14,13.01,16.01,2/10/2021,2/4/2021,2/10/2021,high
34007,NJ,New Jersey,Camden County,152.714,5.71429,2461.43,6.2,29.71,12.6,15.63,2/11/2021,2/5/2021,2/11/2021,high
34007,NJ,New Jersey,Camden County,148.571,5,2353.57,6.28,28.43,12.39,15.29,2/12/2021,2/6/2021,2/12/2021,high
34007,NJ,New Jersey,Camden County,150,5.57143,2260.86,6.15,27.29,12.07,14.54,2/13/2021,2/7/2021,2/13/2021,high
34007,NJ,New Jersey,Camden County,142.429,5.71429,2304,6.39,28.43,11.8,14.33,2/14/2021,2/8/2021,2/14/2021,high
34007,NJ,New Jersey,Camden County,136,5.42857,2291.14,6.38,27.57,11.48,14.16,2/15/2021,2/9/2021,2/15/2021,high
34007,NJ,New Jersey,Camden County,138,4.28571,2236.86,6.5,27.29,11.22,13.7,2/16/2021,2/10/2021,2/16/2021,high
34007,NJ,New Jersey,Camden County,137,5.42857,2269.57,6.43,26.71,11.02,13.41,2/17/2021,2/11/2021,2/17/2021,high
34007,NJ,New Jersey,Camden County,133.571,4,2172.71,6.5,26.14,10.76,13.07,2/18/2021,2/12/2021,2/18/2021,high
34007,NJ,New Jersey,Camden County,127,3.85714,2155.71,6.39,25.86,10.44,12.48,2/19/2021,2/13/2021,2/19/2021,high
34007,NJ,New Jersey,Camden County,122.143,3.42857,2195.57,6.31,25.86,10.24,11.98,2/20/2021,2/14/2021,2/20/2021,high
34007,NJ,New Jersey,Camden County,118,3.28571,2213.86,6.1,24.43,10.02,11.39,2/21/2021,2/15/2021,2/21/2021,high
34007,NJ,New Jersey,Camden County,131.571,3.28571,2236.71,6.12,24,9.78,11.06,2/22/2021,2/16/2021,2/22/2021,high
34007,NJ,New Jersey,Camden County,128.429,4.42857,2274.57,5.8,24.57,9.6,10.68,2/23/2021,2/17/2021,2/23/2021,high
34007,NJ,New Jersey,Camden County,114.571,4,2219.14,5.72,24,9.44,10.26,2/24/2021,2/18/2021,2/24/2021,high
34007,NJ,New Jersey,Camden County,113.857,4.71429,2279.43,5.72,25.57,9.38,9.89,2/25/2021,2/19/2021,2/25/2021,high
34007,NJ,New Jersey,Camden County,121,4.57143,2295.57,5.63,25.29,9.13,9.64,2/26/2021,2/20/2021,2/26/2021,high
34007,NJ,New Jersey,Camden County,126.571,4.57143,2259,5.48,23.57,8.84,9.38,2/27/2021,2/21/2021,2/27/2021,high
34007,NJ,New Jersey,Camden County,129.571,4.71429,2240,5.31,23.43,8.56,9.18,2/28/2021,2/22/2021,2/28/2021,high
34007,NJ,New Jersey,Camden County,130.143,5.28571,2245,5.19,23.86,8.3,8.96,3/1/2021,2/23/2021,3/1/2021,high
34007,NJ,New Jersey,Camden County,131.429,4.28571,2211.71,5.37,23.86,8.08,8.76,3/2/2021,2/24/2021,3/2/2021,high
34007,NJ,New Jersey,Camden County,131.857,5.28571,2195.71,5.4,23.57,7.96,8.71,3/3/2021,2/25/2021,3/3/2021,high
34007,NJ,New Jersey,Camden County,128.857,4.14286,2188,5.5,21.57,7.91,8.71,3/4/2021,2/26/2021,3/4/2021,high
34007,NJ,New Jersey,Camden County,125.714,4.14286,2163.86,5.4,21.86,7.92,8.62,3/5/2021,2/27/2021,3/5/2021,high
34007,NJ,New Jersey,Camden County,122.857,4.28571,2173.14,5.35,22,7.94,8.43,3/6/2021,2/28/2021,3/6/2021,high
34007,NJ,New Jersey,Camden County,117.571,4.28571,2189.57,5.45,21.86,7.82,8.13,3/7/2021,3/1/2021,3/7/2021,high
34007,NJ,New Jersey,Camden County,110.286,3.85714,2189.14,5.57,22,7.74,7.85,3/8/2021,3/2/2021,3/8/2021,high
34007,NJ,New Jersey,Camden County,115.429,4.42857,2201.29,5.48,19.57,7.58,7.81,3/9/2021,3/3/2021,3/9/2021,high
34007,NJ,New Jersey,Camden County,119.429,3.71429,2202.71,5.56,19.57,7.36,7.48,3/10/2021,3/4/2021,3/10/2021,high
34007,NJ,New Jersey,Camden County,123.429,4.28571,2177.57,5.34,20.29,7.13,7.06,3/11/2021,3/5/2021,3/11/2021,high
34007,NJ,New Jersey,Camden County,120.571,4.28571,2242.29,5.72,20.86,6.98,6.89,3/12/2021,3/6/2021,3/12/2021,high
34007,NJ,New Jersey,Camden County,120.714,3.71429,2235.43,6.07,20.43,6.8,6.75,3/13/2021,3/7/2021,3/13/2021,high
34007,NJ,New Jersey,Camden County,132.429,3.57143,2240.71,6.43,20.86,6.76,6.71,3/14/2021,3/8/2021,3/14/2021,high
34007,NJ,New Jersey,Camden County,131.571,3.85714,2223.14,6.55,21,6.65,6.48,3/15/2021,3/9/2021,3/15/2021,high
34007,NJ,New Jersey,Camden County,125.714,3.14286,2246.57,6.71,21.29,6.61,6.17,3/16/2021,3/10/2021,3/16/2021,high
34007,NJ,New Jersey,Camden County,136.429,2.28571,2268.43,6.92,22.29,6.63,6.34,3/17/2021,3/11/2021,3/17/2021,high
34007,NJ,New Jersey,Camden County,142.714,1.85714,2304.57,7.29,23.14,6.75,6.71,3/18/2021,3/12/2021,3/18/2021,high
34007,NJ,New Jersey,Camden County,146.571,1.57143,2328.14,7.31,21.43,6.84,6.95,3/19/2021,3/13/2021,3/19/2021,high
34007,NJ,New Jersey,Camden County,160.714,1.42857,2329.29,7.25,24.14,7.08,7.19,3/20/2021,3/14/2021,3/20/2021,high
34007,NJ,New Jersey,Camden County,158,1.57143,2332.86,7.25,24.43,7.4,7.61,3/21/2021,3/15/2021,3/21/2021,high
34007,NJ,New Jersey,Camden County,166.714,suppressed,2391,7.23,25.14,7.82,7.71,3/22/2021,3/16/2021,3/22/2021,high
34007,NJ,New Jersey,Camden County,172.714,suppressed,2409.71,7.45,27.29,8.26,8.12,3/23/2021,3/17/2021,3/23/2021,high
34007,NJ,New Jersey,Camden County,169.143,suppressed,2390.57,7.66,28.29,8.61,8.09,3/24/2021,3/18/2021,3/24/2021,high
34007,NJ,New Jersey,Camden County,172.143,suppressed,2425.71,7.79,27.57,8.82,7.95,3/25/2021,3/19/2021,3/25/2021,high
34007,NJ,New Jersey,Camden County,173.429,suppressed,2466.29,7.92,28.57,8.96,7.95,3/26/2021,3/20/2021,3/26/2021,high
34007,NJ,New Jersey,Camden County,165.714,suppressed,2461.86,7.97,27.29,8.95,7.88,3/27/2021,3/21/2021,3/27/2021,high
34007,NJ,New Jersey,Camden County,175.571,suppressed,2491.86,7.9,27.43,8.9,7.63,3/28/2021,3/22/2021,3/28/2021,high
34007,NJ,New Jersey,Camden County,177,suppressed,2511.43,8.15,25.86,8.67,7.77,3/29/2021,3/23/2021,3/29/2021,high
34007,NJ,New Jersey,Camden County,182.429,suppressed,2519.57,8.26,26.29,8.49,7.88,3/30/2021,3/24/2021,3/30/2021,high
34007,NJ,New Jersey,Camden County,174.286,suppressed,2564.86,8.14,26.29,8.34,8.08,3/31/2021,3/25/2021,3/31/2021,high
34007,NJ,New Jersey,Camden County,185.571,1.57143,2592.71,8,26.14,8.19,8.15,4/1/2021,3/26/2021,4/1/2021,high
34007,NJ,New Jersey,Camden County,195.714,1.42857,2581.57,8.16,27.14,8.21,8.26,4/2/2021,3/27/2021,4/2/2021,high
34007,NJ,New Jersey,Camden County,203.286,suppressed,2619,8.29,26,8.19,8.33,4/3/2021,3/28/2021,4/3/2021,high
34007,NJ,New Jersey,Camden County,206,1.42857,2572.29,8.35,25.71,8.18,8.46,4/4/2021,3/29/2021,4/4/2021,high
34007,NJ,New Jersey,Camden County,204.714,1.42857,2564.14,8.23,27.14,8.31,8.57,4/5/2021,3/30/2021,4/5/2021,high
34007,NJ,New Jersey,Camden County,195.143,1.71429,2546.43,8.08,27.57,8.33,8.57,4/6/2021,3/31/2021,4/6/2021,high
34007,NJ,New Jersey,Camden County,203.714,1.42857,2534.86,8.21,27.14,8.42,8.8,4/7/2021,4/1/2021,4/7/2021,high
34007,NJ,New Jersey,Camden County,193.286,suppressed,2477.71,8.1,28.57,8.61,9.11,4/8/2021,4/2/2021,4/8/2021,high
34007,NJ,New Jersey,Camden County,188.143,suppressed,2485.29,7.94,29.43,8.7,9.15,4/9/2021,4/3/2021,4/9/2021,high
34007,NJ,New Jersey,Camden County,183.143,suppressed,2464,8.23,30.71,8.82,9.04,4/10/2021,4/4/2021,4/10/2021,high
34007,NJ,New Jersey,Camden County,178.714,suppressed,2544.86,8.17,33.29,8.87,8.87,4/11/2021,4/5/2021,4/11/2021,high
34007,NJ,New Jersey,Camden County,177.714,suppressed,2566.29,8.14,32.29,8.9,8.84,4/12/2021,4/6/2021,4/12/2021,high
34007,NJ,New Jersey,Camden County,194.571,suppressed,2608.14,8.07,30.86,8.88,8.7,4/13/2021,4/7/2021,4/13/2021,high
34007,NJ,New Jersey,Camden County,192.286,suppressed,2642.57,7.91,29.57,8.78,8.33,4/14/2021,4/8/2021,4/14/2021,high
34007,NJ,New Jersey,Camden County,186,suppressed,2640.86,8.2,28.57,8.63,8.09,4/15/2021,4/9/2021,4/15/2021,high
34007,NJ,New Jersey,Camden County,198.429,suppressed,2631.71,8.33,25.43,8.42,8.12,4/16/2021,4/10/2021,4/16/2021,high
34007,NJ,New Jersey,Camden County,195.857,1.42857,2617.71,8.13,25.43,8.31,8.43,4/17/2021,4/11/2021,4/17/2021,high
34007,NJ,New Jersey,Camden County,194.571,suppressed,2559.14,8.09,23.14,8.23,8.87,4/18/2021,4/12/2021,4/18/2021,high
34007,NJ,New Jersey,Camden County,193.429,suppressed,2511.14,8.22,24.29,8.2,9.15,4/19/2021,4/13/2021,4/19/2021,high
34007,NJ,New Jersey,Camden County,180.857,1.42857,2453,8.35,25.43,8.31,9.49,4/20/2021,4/14/2021,4/20/2021,high
34007,NJ,New Jersey,Camden County,181.429,1.57143,2382.71,8.39,26,8.35,9.97,4/21/2021,4/15/2021,4/21/2021,high
34007,NJ,New Jersey,Camden County,184.857,1.71429,2369.57,8.25,26.86,8.43,10.28,4/22/2021,4/16/2021,4/22/2021,high
34007,NJ,New Jersey,Camden County,173.571,1.42857,2337,8.04,29,8.58,10.76,4/23/2021,4/17/2021,4/23/2021,high
34007,NJ,New Jersey,Camden County,173.429,1.57143,2352.43,7.62,28.29,8.59,11.03,4/24/2021,4/18/2021,4/24/2021,high
34007,NJ,New Jersey,Camden County,167.286,1.85714,2354.14,7.66,27.86,8.61,11.17,4/25/2021,4/19/2021,4/25/2021,high
34007,NJ,New Jersey,Camden County,147,1.71429,2335,7.39,26.86,8.51,11.51,4/26/2021,4/20/2021,4/26/2021,high
34007,NJ,New Jersey,Camden County,124.143,1.85714,2337.29,7.33,26.29,8.38,11.58,4/27/2021,4/21/2021,4/27/2021,high
34007,NJ,New Jersey,Camden County,114.429,1.57143,2315.71,7.15,25.57,8.31,11.1,4/28/2021,4/22/2021,4/28/2021,high
34007,NJ,New Jersey,Camden County,110.571,1.42857,2326.29,6.91,24.57,8.13,10.83,4/29/2021,4/23/2021,4/29/2021,high
34007,NJ,New Jersey,Camden County,102.857,1.85714,2302.29,6.62,22.43,7.96,10.35,4/30/2021,4/24/2021,4/30/2021,high
34007,NJ,New Jersey,Camden County,97,1.57143,2307.57,6.5,22.14,7.82,9.9,5/1/2021,4/25/2021,5/1/2021,high
34007,NJ,New Jersey,Camden County,87.4286,suppressed,2286,6.35,22.57,7.68,9.49,5/2/2021,4/26/2021,5/2/2021,high
34007,NJ,New Jersey,Camden County,100.429,suppressed,2234.29,6.14,22.57,7.6,9.01,5/3/2021,4/27/2021,5/3/2021,high
34007,NJ,New Jersey,Camden County,114.143,suppressed,2195.57,5.88,20.71,7.41,8.8,5/4/2021,4/28/2021,5/4/2021,high
34007,NJ,New Jersey,Camden County,112.857,1.85714,2176.14,5.7,20.71,7.22,9.15,5/5/2021,4/29/2021,5/5/2021,high
34007,NJ,New Jersey,Camden County,103.714,2,2110.14,5.31,21.14,7.11,9.28,5/6/2021,4/30/2021,5/6/2021,high
34007,NJ,New Jersey,Camden County,98,2.14286,2109.57,5.11,20.86,6.98,9.32,5/7/2021,5/1/2021,5/7/2021,high
34007,NJ,New Jersey,Camden County,84.8571,2.14286,2088.43,4.76,20.86,6.85,9.52,5/8/2021,5/2/2021,5/8/2021,high
34007,NJ,New Jersey,Camden County,82,2.14286,2059,4.17,19.14,6.69,9.56,5/9/2021,5/3/2021,5/9/2021,high
34007,NJ,New Jersey,Camden County,71.7143,2.14286,2035.71,3.98,17.14,6.49,9.56,5/10/2021,5/4/2021,5/10/2021,substantial
34007,NJ,New Jersey,Camden County,66.4286,2.14286,1980.29,3.84,16.57,6.31,9.39,5/11/2021,5/5/2021,5/11/2021,substantial
34007,NJ,New Jersey,Camden County,63.4286,1.57143,1968.86,3.54,16.14,6.13,9.08,5/12/2021,5/6/2021,5/12/2021,substantial
34007,NJ,New Jersey,Camden County,58.5714,1.42857,1956.43,3.66,13.86,5.9,8.63,5/13/2021,5/7/2021,5/13/2021,substantial
34007,NJ,New Jersey,Camden County,54.4286,suppressed,1915.29,3.54,14.14,5.66,8.15,5/14/2021,5/8/2021,5/14/2021,substantial
34007,NJ,New Jersey,Camden County,53.5714,suppressed,1899.71,3.47,13.29,5.47,7.67,5/15/2021,5/9/2021,5/15/2021,substantial
34007,NJ,New Jersey,Camden County,53.2857,suppressed,1895.29,3.51,13,5.25,7.16,5/16/2021,5/10/2021,5/16/2021,substantial
34007,NJ,New Jersey,Camden County,57.2857,1.42857,1858.43,3.43,13.86,4.97,6.61,5/17/2021,5/11/2021,5/17/2021,substantial
34007,NJ,New Jersey,Camden County,58.2857,suppressed,1835.86,3.32,13.71,4.78,6.13,5/18/2021,5/12/2021,5/18/2021,substantial
34007,NJ,New Jersey,Camden County,54.2857,1.71429,1770.71,3.34,13,4.56,5.69,5/19/2021,5/13/2021,5/19/2021,substantial
34007,NJ,New Jersey,Camden County,52.8571,1.85714,1728.86,3.11,13.29,4.37,5.38,5/20/2021,5/14/2021,5/20/2021,substantial
34007,NJ,New Jersey,Camden County,49.4286,2.14286,1686.29,3.13,12.57,4.21,5.21,5/21/2021,5/15/2021,5/21/2021,substantial
34007,NJ,New Jersey,Camden County,46.8571,2,1660.29,2.87,12.29,4.05,4.9,5/22/2021,5/16/2021,5/22/2021,substantial
34007,NJ,New Jersey,Camden County,45.7143,1.85714,1652.43,2.64,12.29,3.91,4.66,5/23/2021,5/17/2021,5/23/2021,substantial
34007,NJ,New Jersey,Camden County,41.8571,1.85714,1607.57,2.54,12.43,3.84,4.45,5/24/2021,5/18/2021,5/24/2021,substantial
34007,NJ,New Jersey,Camden County,38.8571,1.71429,1548.86,2.55,12,3.73,4.25,5/25/2021,5/19/2021,5/25/2021,substantial
34007,NJ,New Jersey,Camden County,37.1429,suppressed,1468.14,2.53,11.43,3.64,4.18,5/26/2021,5/20/2021,5/26/2021,substantial
34007,NJ,New Jersey,Camden County,35.8571,suppressed,1421.57,2.25,11,3.57,4.04,5/27/2021,5/21/2021,5/27/2021,moderate
34007,NJ,New Jersey,Camden County,33.2857,suppressed,1379.71,2.2,11.29,3.49,3.97,5/28/2021,5/22/2021,5/28/2021,moderate
34007,NJ,New Jersey,Camden County,32.2857,suppressed,1353,2.13,10.29,3.37,3.73,5/29/2021,5/23/2021,5/29/2021,moderate
34007,NJ,New Jersey,Camden County,31.4286,suppressed,1334.86,2.03,10.14,3.29,3.56,5/30/2021,5/24/2021,5/30/2021,moderate
34007,NJ,New Jersey,Camden County,30,suppressed,1192.14,2.02,9.43,3.23,3.29,5/31/2021,5/25/2021,5/31/2021,moderate
34007,NJ,New Jersey,Camden County,24.8571,suppressed,1160.86,1.94,9.43,3.13,3.12,6/1/2021,5/26/2021,6/1/2021,moderate
34007,NJ,New Jersey,Camden County,23.5714,suppressed,1182.86,1.89,9,3.06,2.95,6/2/2021,5/27/2021,6/2/2021,moderate
34007,NJ,New Jersey,Camden County,19.4286,suppressed,1194.43,1.96,8.43,2.94,2.77,6/3/2021,5/28/2021,6/3/2021,moderate
34007,NJ,New Jersey,Camden County,15.4286,suppressed,1194.29,1.82,7.57,2.82,2.6,6/4/2021,5/29/2021,6/4/2021,moderate
34007,NJ,New Jersey,Camden County,17.1429,suppressed,1216.71,1.81,8,2.76,2.67,6/5/2021,5/30/2021,6/5/2021,moderate
34007,NJ,New Jersey,Camden County,15.2857,suppressed,1231.29,1.71,8.14,2.67,2.6,6/6/2021,5/31/2021,6/6/2021,moderate
34007,NJ,New Jersey,Camden County,15.1429,suppressed,1320.86,1.7,7.86,2.56,2.57,6/7/2021,6/1/2021,6/7/2021,moderate
34007,NJ,New Jersey,Camden County,13.8571,suppressed,1300.86,1.61,6.86,2.46,2.54,6/8/2021,6/2/2021,6/8/2021,moderate
34007,NJ,New Jersey,Camden County,11.2857,suppressed,1258.71,1.46,6.86,2.34,2.4,6/9/2021,6/3/2021,6/9/2021,moderate
34007,NJ,New Jersey,Camden County,12.4286,suppressed,1250.43,1.45,6.43,2.22,2.19,6/10/2021,6/4/2021,6/10/2021,moderate
34007,NJ,New Jersey,Camden County,13.7143,suppressed,1234.57,1.4,6.86,2.16,2.12,6/11/2021,6/5/2021,6/11/2021,moderate
34007,NJ,New Jersey,Camden County,9.71429,suppressed,1218.29,1.29,7,2.14,2.09,6/12/2021,6/6/2021,6/12/2021,moderate
34007,NJ,New Jersey,Camden County,9.71429,suppressed,1208.29,1.22,6.57,2.08,2.12,6/13/2021,6/7/2021,6/13/2021,moderate
34007,NJ,New Jersey,Camden County,10.2857,suppressed,1207.86,1.1,6,2.05,2.19,6/14/2021,6/8/2021,6/14/2021,moderate
34007,NJ,New Jersey,Camden County,12.5714,suppressed,1206.71,1.1,6.57,2.03,2.16,6/15/2021,6/9/2021,6/15/2021,moderate
34007,NJ,New Jersey,Camden County,13.8571,suppressed,1195.29,1.06,6.14,2.01,2.19,6/16/2021,6/10/2021,6/16/2021,moderate
34007,NJ,New Jersey,Camden County,13.5714,suppressed,1181.43,1.01,6,2,2.26,6/17/2021,6/11/2021,6/17/2021,moderate
34007,NJ,New Jersey,Camden County,13.1429,suppressed,1185.71,0.94,5.43,1.95,2.16,6/18/2021,6/12/2021,6/18/2021,moderate
34007,NJ,New Jersey,Camden County,13.1429,suppressed,1212.57,0.94,5,1.84,1.95,6/19/2021,6/13/2021,6/19/2021,moderate
34007,NJ,New Jersey,Camden County,12.7143,suppressed,1224,0.9,5.43,1.76,1.78,6/20/2021,6/14/2021,6/20/2021,moderate
34007,NJ,New Jersey,Camden County,12.1429,suppressed,1227.71,0.9,5.43,1.66,1.61,6/21/2021,6/15/2021,6/21/2021,moderate
34007,NJ,New Jersey,Camden County,11.4286,suppressed,1214.43,0.87,5.14,1.6,1.54,6/22/2021,6/16/2021,6/22/2021,moderate
34007,NJ,New Jersey,Camden County,10.5714,suppressed,1175.71,0.94,5.29,1.54,1.37,6/23/2021,6/17/2021,6/23/2021,moderate
34007,NJ,New Jersey,Camden County,9.57143,suppressed,1164,0.88,5.43,1.5,1.34,6/24/2021,6/18/2021,6/24/2021,moderate
34007,NJ,New Jersey,Camden County,10.4286,suppressed,1134.86,0.96,5.71,1.46,1.23,6/25/2021,6/19/2021,6/25/2021,moderate
34007,NJ,New Jersey,Camden County,10.8571,suppressed,1080.29,0.96,5.57,1.47,1.2,6/26/2021,6/20/2021,6/26/2021,moderate
34007,NJ,New Jersey,Camden County,11.1429,suppressed,1066.71,0.96,5.14,1.5,1.2,6/27/2021,6/21/2021,6/27/2021,moderate
34007,NJ,New Jersey,Camden County,11.2857,suppressed,1017.14,0.93,5.29,1.5,1.2,6/28/2021,6/22/2021,6/28/2021,moderate
34007,NJ,New Jersey,Camden County,11.7143,suppressed,986,0.97,4.71,1.49,1.2,6/29/2021,6/23/2021,6/29/2021,moderate
34007,NJ,New Jersey,Camden County,13.8571,suppressed,994.29,0.99,4.57,1.5,1.2,6/30/2021,6/24/2021,6/30/2021,moderate
34007,NJ,New Jersey,Camden County,13.7143,suppressed,987.43,1,4.29,1.46,1.2,7/1/2021,6/25/2021,7/1/2021,moderate
34007,NJ,New Jersey,Camden County,14.1429,suppressed,949.57,1.11,3.57,1.44,1.2,7/2/2021,6/26/2021,7/2/2021,moderate
34007,NJ,New Jersey,Camden County,12.2857,suppressed,932.71,1.07,3.29,1.4,1.2,7/3/2021,6/27/2021,7/3/2021,moderate
34007,NJ,New Jersey,Camden County,11.1429,suppressed,881.71,1.08,2.71,1.32,1.23,7/4/2021,6/28/2021,7/4/2021,moderate
34007,NJ,New Jersey,Camden County,9.71429,suppressed,838.71,1.27,2.14,1.26,1.23,7/5/2021,6/29/2021,7/5/2021,moderate
34007,NJ,New Jersey,Camden County,8,suppressed,856.57,1.29,2.43,1.2,1.23,7/6/2021,6/30/2021,7/6/2021,moderate
34007,NJ,New Jersey,Camden County,9.42857,suppressed,865.57,1.3,2.71,1.13,1.27,7/7/2021,7/1/2021,7/7/2021,moderate
34007,NJ,New Jersey,Camden County,11.1429,suppressed,864.57,1.35,2.57,1.19,1.3,7/8/2021,7/2/2021,7/8/2021,moderate
34007,NJ,New Jersey,Camden County,17.1429,suppressed,927.43,1.17,2.86,1.24,1.37,7/9/2021,7/3/2021,7/9/2021,moderate
34007,NJ,New Jersey,Camden County,21.8571,suppressed,929.71,1.27,2.71,1.29,1.44,7/10/2021,7/4/2021,7/10/2021,moderate
34007,NJ,New Jersey,Camden County,23,suppressed,956.14,1.35,3,1.31,1.44,7/11/2021,7/5/2021,7/11/2021,moderate
34007,NJ,New Jersey,Camden County,24,suppressed,1005,1.4,3,1.33,1.41,7/12/2021,7/6/2021,7/12/2021,moderate
34007,NJ,New Jersey,Camden County,26.1429,suppressed,978.86,1.49,3.57,1.35,1.34,7/13/2021,7/7/2021,7/13/2021,moderate
34007,NJ,New Jersey,Camden County,24.5714,suppressed,963.43,1.63,3.57,1.33,1.3,7/14/2021,7/8/2021,7/14/2021,moderate
34007,NJ,New Jersey,Camden County,24.1429,suppressed,980.86,1.78,3.43,1.27,1.2,7/15/2021,7/9/2021,7/15/2021,moderate
34007,NJ,New Jersey,Camden County,20.5714,suppressed,964.29,2.1,3,1.24,1.13,7/16/2021,7/10/2021,7/16/2021,moderate
34007,NJ,New Jersey,Camden County,18.8571,0,970.71,2.37,3.71,1.21,1.03,7/17/2021,7/11/2021,7/17/2021,moderate
34007,NJ,New Jersey,Camden County,21.1429,0,979,2.81,3.71,1.18,1.06,7/18/2021,7/12/2021,7/18/2021,moderate
34007,NJ,New Jersey,Camden County,23.2857,0,1004.71,2.93,4.43,1.21,1.13,7/19/2021,7/13/2021,7/19/2021,moderate
34007,NJ,New Jersey,Camden County,24,0,1029.86,3,3.57,1.24,1.27,7/20/2021,7/14/2021,7/20/2021,moderate
34007,NJ,New Jersey,Camden County,27.2857,0,1080.14,3.08,3.57,1.31,1.37,7/21/2021,7/15/2021,7/21/2021,moderate
34007,NJ,New Jersey,Camden County,28,0,1120.86,3.09,4.29,1.4,1.54,7/22/2021,7/16/2021,7/22/2021,moderate
34007,NJ,New Jersey,Camden County,27.5714,suppressed,1136.14,3.15,4.43,1.4,1.68,7/23/2021,7/17/2021,7/23/2021,moderate
34007,NJ,New Jersey,Camden County,28.8571,suppressed,1147.14,3.11,5,1.48,1.85,7/24/2021,7/18/2021,7/24/2021,moderate
34007,NJ,New Jersey,Camden County,28.5714,suppressed,1156.43,3,4.86,1.57,1.88,7/25/2021,7/19/2021,7/25/2021,moderate
34007,NJ,New Jersey,Camden County,28.5714,suppressed,1166.29,2.99,4.29,1.59,1.95,7/26/2021,7/20/2021,7/26/2021,moderate
34007,NJ,New Jersey,Camden County,32.4286,suppressed,1186.86,3.13,4.71,1.6,1.85,7/27/2021,7/21/2021,7/27/2021,moderate
34007,NJ,New Jersey,Camden County,30.2857,suppressed,1194.29,3.25,4.43,1.63,1.75,7/28/2021,7/22/2021,7/28/2021,moderate
34007,NJ,New Jersey,Camden County,36.2857,suppressed,1179.43,3.63,4.71,1.62,1.82,7/29/2021,7/23/2021,7/29/2021,substantial
34007,NJ,New Jersey,Camden County,40.5714,0,1235.29,3.83,5.14,1.67,1.92,7/30/2021,7/24/2021,7/30/2021,substantial
34007,NJ,New Jersey,Camden County,46.7143,suppressed,1257.86,4.13,4.43,1.67,1.95,7/31/2021,7/25/2021,7/31/2021,substantial
34007,NJ,New Jersey,Camden County,50.8571,suppressed,1284.71,4.46,5.57,1.71,2.02,8/1/2021,7/26/2021,8/1/2021,substantial
34007,NJ,New Jersey,Camden County,53.5714,suppressed,1310.14,4.78,6.86,1.75,2.09,8/2/2021,7/27/2021,8/2/2021,substantial
34007,NJ,New Jersey,Camden County,59.2857,suppressed,1381.43,5.07,8.57,1.93,2.16,8/3/2021,7/28/2021,8/3/2021,substantial
34007,NJ,New Jersey,Camden County,63.7143,suppressed,1426.14,5.34,9.57,2.09,2.23,8/4/2021,7/29/2021,8/4/2021,substantial
34007,NJ,New Jersey,Camden County,72.7143,suppressed,1465,5.5,10.29,2.3,2.4,8/5/2021,7/30/2021,8/5/2021,high
34007,NJ,New Jersey,Camden County,75,suppressed,1510.57,5.82,10.86,2.5,2.5,8/6/2021,7/31/2021,8/6/2021,high
34007,NJ,New Jersey,Camden County,83.7143,suppressed,1541.71,5.73,10.86,2.68,2.6,8/7/2021,8/1/2021,8/7/2021,high
34007,NJ,New Jersey,Camden County,90.5714,suppressed,1561.29,5.59,9.86,2.83,2.71,8/8/2021,8/2/2021,8/8/2021,high
34007,NJ,New Jersey,Camden County,96.7143,suppressed,1576.14,5.67,10.57,3.08,2.77,8/9/2021,8/3/2021,8/9/2021,high
34007,NJ,New Jersey,Camden County,97.5714,suppressed,1506,5.61,10.43,3.2,3.02,8/10/2021,8/4/2021,8/10/2021,high
34007,NJ,New Jersey,Camden County,101.286,suppressed,1414.43,5.58,10.43,3.33,3.19,8/11/2021,8/5/2021,8/11/2021,high
34007,NJ,New Jersey,Camden County,98.5714,suppressed,1394.14,5.54,10.71,3.38,3.08,8/12/2021,8/6/2021,8/12/2021,high
34007,NJ,New Jersey,Camden County,109.857,0,1381.71,5.33,11,3.37,2.98,8/13/2021,8/7/2021,8/13/2021,high
34007,NJ,New Jersey,Camden County,106.857,0,1389.57,5.71,11.86,3.37,2.89,8/14/2021,8/8/2021,8/14/2021,high
34007,NJ,New Jersey,Camden County,103.286,0,1376.71,5.97,12.57,3.41,2.8,8/15/2021,8/9/2021,8/15/2021,high
34007,NJ,New Jersey,Camden County,107.143,0,1339,6.04,12.14,3.39,2.78,8/16/2021,8/10/2021,8/16/2021,high
34007,NJ,New Jersey,Camden County,102.429,0,1331.14,5.76,11.86,3.34,2.76,8/17/2021,8/11/2021,8/17/2021,high
34007,NJ,New Jersey,Camden County,100.714,0,1342.29,6.05,13.14,3.35,2.85,8/18/2021,8/12/2021,8/18/2021,high
34007,NJ,New Jersey,Camden County,103.429,suppressed,1368,5.98,14,3.42,2.97,8/19/2021,8/13/2021,8/19/2021,high
34007,NJ,New Jersey,Camden County,114.714,suppressed,1409.57,6.32,14.57,3.56,3.16,8/20/2021,8/14/2021,8/20/2021,high
34007,NJ,New Jersey,Camden County,113.857,suppressed,1438,6.23,15.29,3.74,3.52,8/21/2021,8/15/2021,8/21/2021,high
34007,NJ,New Jersey,Camden County,116.429,suppressed,1462.43,6.59,17.14,3.95,3.77,8/22/2021,8/16/2021,8/22/2021,high
34007,NJ,New Jersey,Camden County,122.286,suppressed,1550.57,6.65,17.57,4.17,4.09,8/23/2021,8/17/2021,8/23/2021,high
34007,NJ,New Jersey,Camden County,129.429,suppressed,1675.29,7.16,18.71,4.44,4.33,8/24/2021,8/18/2021,8/24/2021,high
34007,NJ,New Jersey,Camden County,137.857,suppressed,1842.71,6.92,18.71,4.64,4.73,8/25/2021,8/19/2021,8/25/2021,high
34007,NJ,New Jersey,Camden County,136.143,suppressed,1892.71,7.31,18.86,4.88,5.08,8/26/2021,8/20/2021,8/26/2021,high
34007,NJ,New Jersey,Camden County,127.714,suppressed,1897.86,7.18,18.86,5.12,5.29,8/27/2021,8/21/2021,8/27/2021,high
34007,NJ,New Jersey,Camden County,136.714,suppressed,1878.43,7.24,18.57,5.33,5.51,8/28/2021,8/22/2021,8/28/2021,high
34007,NJ,New Jersey,Camden County,143,suppressed,1891.71,6.94,17.86,5.54,5.93,8/29/2021,8/23/2021,8/29/2021,high
34007,NJ,New Jersey,Camden County,138.143,suppressed,1908.29,6.97,18.86,5.71,6.22,8/30/2021,8/24/2021,8/30/2021,high
34007,NJ,New Jersey,Camden County,139.714,suppressed,1909.86,6.92,18.71,5.93,6.5,8/31/2021,8/25/2021,8/31/2021,high
34007,NJ,New Jersey,Camden County,139.714,suppressed,1868,7.3,19.71,6.21,6.86,9/1/2021,8/26/2021,9/1/2021,high
34007,NJ,New Jersey,Camden County,140.143,suppressed,1809,7.29,19.86,6.4,7.18,9/2/2021,8/27/2021,9/2/2021,high
34007,NJ,New Jersey,Camden County,153.857,1.42857,1774.86,7.62,19.29,6.46,7.39,9/3/2021,8/28/2021,9/3/2021,high
34007,NJ,New Jersey,Camden County,147.286,suppressed,1816.43,7.64,21.29,6.58,7.64,9/4/2021,8/29/2021,9/4/2021,high
34007,NJ,New Jersey,Camden County,145.429,suppressed,1820,7.77,21.43,6.62,7.82,9/5/2021,8/30/2021,9/5/2021,high
34007,NJ,New Jersey,Camden County,142.714,suppressed,1687,7.79,22.57,6.73,8.24,9/6/2021,8/31/2021,9/6/2021,high
34007,NJ,New Jersey,Camden County,150.571,suppressed,1713.43,7.74,23.29,6.83,8.85,9/7/2021,9/1/2021,9/7/2021,high
34007,NJ,New Jersey,Camden County,133.857,suppressed,1753.86,7.73,22.57,6.92,9.45,9/8/2021,9/2/2021,9/8/2021,high
34007,NJ,New Jersey,Camden County,146.714,suppressed,1829.57,7.59,21.86,6.99,10.09,9/9/2021,9/3/2021,9/9/2021,high
34007,NJ,New Jersey,Camden County,139.429,suppressed,1937.86,7.11,23.71,7.17,10.8,9/10/2021,9/4/2021,9/10/2021,high
34007,NJ,New Jersey,Camden County,147,suppressed,1887.43,7.38,22.29,7.23,11.12,9/11/2021,9/5/2021,9/11/2021,high
34007,NJ,New Jersey,Camden County,145.714,suppressed,1893.14,7.23,21.43,7.31,11.48,9/12/2021,9/6/2021,9/12/2021,high
34007,NJ,New Jersey,Camden County,150.714,suppressed,2057.29,7.06,19.57,7.28,11.51,9/13/2021,9/7/2021,9/13/2021,high
34007,NJ,New Jersey,Camden County,146.143,suppressed,2070.86,6.97,19.43,7.24,11.44,9/14/2021,9/8/2021,9/14/2021,high
34007,NJ,New Jersey,Camden County,163.571,suppressed,2148.57,6.93,19.71,7.19,11.16,9/15/2021,9/9/2021,9/15/2021,high
34007,NJ,New Jersey,Camden County,154.571,suppressed,2183.14,6.84,20.71,7.23,10.98,9/16/2021,9/10/2021,9/16/2021,high
34007,NJ,New Jersey,Camden County,158.429,1.57143,2232.29,6.77,20.86,7.3,10.95,9/17/2021,9/11/2021,9/17/2021,high
34007,NJ,New Jersey,Camden County,159,1.42857,2342.71,6.41,21.29,7.42,11.12,9/18/2021,9/12/2021,9/18/2021,high
34007,NJ,New Jersey,Camden County,175.429,1.85714,2407.14,6.29,23.43,7.6,11.05,9/19/2021,9/13/2021,9/19/2021,high
34007,NJ,New Jersey,Camden County,172,1.71429,2499.43,6.31,23.14,7.76,11.3,9/20/2021,9/14/2021,9/20/2021,high
34007,NJ,New Jersey,Camden County,167.143,1.85714,2608.71,6.38,23,7.95,11.37,9/21/2021,9/15/2021,9/21/2021,high
34007,NJ,New Jersey,Camden County,170,1.71429,2672.43,6.24,23,8.11,11.37,9/22/2021,9/16/2021,9/22/2021,high
34007,NJ,New Jersey,Camden County,173.857,1.71429,2708.14,6.07,22.29,8.16,11.19,9/23/2021,9/17/2021,9/23/2021,high
34007,NJ,New Jersey,Camden County,175,1.57143,2661.29,6.11,20.57,8.13,10.98,9/24/2021,9/18/2021,9/24/2021,high
34007,NJ,New Jersey,Camden County,171.143,1.85714,2637.57,6.23,19.71,8.02,10.63,9/25/2021,9/19/2021,9/25/2021,high
34007,NJ,New Jersey,Camden County,159.857,1.57143,2613.29,6.21,17.86,7.86,10.55,9/26/2021,9/20/2021,9/26/2021,high
34007,NJ,New Jersey,Camden County,154.429,1.57143,2571.14,6.15,17.57,7.78,10.27,9/27/2021,9/21/2021,9/27/2021,high
34007,NJ,New Jersey,Camden County,153.429,1.85714,2558.57,5.99,17.43,7.71,10.09,9/28/2021,9/22/2021,9/28/2021,high
34007,NJ,New Jersey,Camden County,159.857,1.57143,2500.86,5.99,17.29,7.67,10.13,9/29/2021,9/23/2021,9/29/2021,high
34007,NJ,New Jersey,Camden County,153.143,1.42857,2526.29,5.83,19.86,7.72,10.59,10/1/2021,9/25/2021,10/1/2021,high
34007,NJ,New Jersey,Camden County,154.714,suppressed,2488.29,5.61,21.14,7.8,10.98,10/2/2021,9/26/2021,10/2/2021,high
34007,NJ,New Jersey,Camden County,153.143,suppressed,2460.71,5.26,21.57,7.96,11.3,10/3/2021,9/27/2021,10/3/2021,high
34007,NJ,New Jersey,Camden County,156.143,1.42857,2440.14,5.07,21.86,8.1,11.44,10/4/2021,9/28/2021,10/4/2021,high
34007,NJ,New Jersey,Camden County,154.429,1.42857,2425,5.08,20.86,8.13,11.87,10/5/2021,9/29/2021,10/5/2021,high
34007,NJ,New Jersey,Camden County,140.143,suppressed,2382.71,5.03,20.43,8.09,12.19,10/6/2021,9/30/2021,10/6/2021,high
34007,NJ,New Jersey,Camden County,140,suppressed,2378.71,4.9,20.29,8.06,12.62,10/7/2021,10/1/2021,10/7/2021,high
34007,NJ,New Jersey,Camden County,135.571,1.57143,2325.29,4.99,18,8.05,12.93,10/8/2021,10/2/2021,10/8/2021,high
34007,NJ,New Jersey,Camden County,134.143,1.57143,2324.14,4.85,16.43,8.02,13.15,10/9/2021,10/3/2021,10/9/2021,high
34007,NJ,New Jersey,Camden County,128.429,suppressed,2313.43,5.07,15.86,7.9,13.26,10/10/2021,10/4/2021,10/10/2021,high
34007,NJ,New Jersey,Camden County,129.429,suppressed,2253,5.25,15.57,7.77,13.54,10/11/2021,10/5/2021,10/11/2021,high
34007,NJ,New Jersey,Camden County,128.286,suppressed,2141.71,5.33,16.29,7.65,13.36,10/12/2021,10/6/2021,10/12/2021,high
34007,NJ,New Jersey,Camden County,126.429,suppressed,2004.86,5.18,16.29,7.47,13.29,10/13/2021,10/7/2021,10/13/2021,high
34007,NJ,New Jersey,Camden County,129.143,suppressed,1685.86,5.27,16.29,7.3,13.01,10/14/2021,10/8/2021,10/14/2021,high
34007,NJ,New Jersey,Camden County,120.714,suppressed,0,0,17,7.19,12.79,10/15/2021,10/9/2021,10/15/2021,high
34007,NJ,New Jersey,Camden County,111.429,suppressed,0,0,15.14,0,0,10/16/2021,10/10/2021,10/16/2021,high
