WHO_REGION,ISO_code,Cname,Disease,2018,2017,2016,2015,2014,2013,2012,2011,2010,2009,2008,2007,2006,2005,2004,2003,2002,2001,2000,1999,1998,1997,1996,1995,1994,1993,1992,1991,1990,1989,1988,1987,1986,1985,1984,1983,1982,1981,1980
EMR,AFG,Afghanistan,yfever,,,,0,,0,,,0,,,,,,,,,,,0,0,,,,,,,,,,,,,,,,,,
EUR,ALB,Albania,yfever,,0,0,,,0,0,0,0,,0,0,0,0,0,0,0,0,,,,,,,,,,,,,,,,,,,,,
AFR,DZA,Algeria,yfever,0,0,0,0,,,0,0,0,0,0,,,,,,,,0,,,0,,,0,0,0,0,,,,,,,,,,,
EUR,AND,Andorra,yfever,0,0,0,,,0,0,0,0,0,0,0,0,0,0,0,0,0,0,0,,,,,,,,,,,,,,,,,,,
AFR,AGO,Angola,yfever,,0,881,3,0,0,0,0,0,,,0,0,0,0,0,0,0,0,,,0,,,,,,0,0,0,37,,,,,,,,
AMR,ATG,Antigua and Barbuda,yfever,0,0,0,0,0,0,0,0,0,0,0,0,0,0,0,,0,0,0,,0,,,,,,,,,,,,,,,,,,
AMR,ARG,Argentina,yfever,7,0,0,0,0,0,0,0,0,0,8,0,0,0,0,,,0,,0,,,,,,,,,,,,,,,,,,,
EUR,ARM,Armenia,yfever,0,,0,,0,0,,0,0,,,,,0,0,0,0,0,,0,,,,,,,,,,,,,,,,,,,
WPR,AUS,Australia,yfever,0,0,0,0,0,0,0,0,0,0,0,0,,0,0,0,0,0,,,0,,,,,,,,,,,,,,,,,,
EUR,AUT,Austria,yfever,0,0,0,0,0,,0,0,0,0,0,0,,0,0,0,,0,,,,,,,,,,,,,,,,,,,,,
EUR,AZE,Azerbaijan,yfever,0,0,0,0,0,0,0,0,0,,0,0,,0,0,0,0,0,,,,,,,,,,,,,,,,,,,,,
AMR,BHS,Bahamas (the),yfever,0,0,0,0,0,0,0,0,0,0,0,0,0,,0,,,0,,,0,0,,,,,,,,,,,,,,,,,
EMR,BHR,Bahrain,yfever,0,0,0,0,0,0,0,0,0,0,0,0,0,,0,,0,0,0,0,0,,,,,,,,,,,,,,,,,,
SEAR,BGD,Bangladesh,yfever,,,,,,,,,,,,,,,,,,,,,,,,,,,,,,,,,,,,,,,
AMR,BRB,Barbados,yfever,0,0,0,0,0,0,0,0,0,0,0,0,0,,0,,,0,0,,,,,,,,,,,,,,,,,,,,
EUR,BLR,Belarus,yfever,,0,0,,0,0,0,0,0,0,0,0,,0,,,0,0,0,,,,,,,,,,,,,,,,,,,,
EUR,BEL,Belgium,yfever,0,0,,0,0,0,0,0,0,0,0,0,0,0,0,0,0,1,,,,,,,,,,,,,,,,,,,,,
AMR,BLZ,Belize,yfever,0,0,0,0,0,0,0,0,0,0,0,0,0,0,0,0,0,,,,0,,,,,,,,,,,,,,,,,,
AFR,BEN,Benin,yfever,0,0,0,0,0,0,0,0,0,0,0,0,0,0,31,57,0,0,10,0,6,20,109,47,,,,,,,,,,,,,,,
SEAR,BTN,Bhutan,yfever,0,0,0,,0,0,0,0,0,0,,,,,,,,,0,,,,,,,,,,,,,,,,,,,,
AMR,BOL,Bolivia (Plurinational State of),yfever,1,5,0,0,0,1,3,2,3,0,1,6,16,16,13,6,15,4,8,68,57,63,30,15,7,18,22,91,50,107,12,23,26,53,5,11,95,102,46
EUR,BIH,Bosnia and Herzegovina,yfever,0,0,0,,,,,0,,,0,0,,,,,0,,,0,0,,,,,,,,,,,,,,,,,,
AFR,BWA,Botswana,yfever,0,0,0,0,,,,,,,,0,,0,,,0,,,,,0,0,,,,,,,,,,,,,,,,
AMR,BRA,Brazil,yfever,1307,805,43,9,1,3,0,0,2,46,46,13,2,3,5,64,15,41,85,76,34,3,15,4,19,83,12,15,5,9,26,16,9,7,45,6,24,22,27
WPR,BRN,Brunei Darussalam,yfever,0,0,0,0,0,,0,0,,0,0,,,0,0,0,,,0,0,0,,,,,,,,,,,,,,,,,,
EUR,BGR,Bulgaria,yfever,0,,0,0,0,0,0,0,0,0,0,0,0,0,0,0,0,,0,,,,,,,,,,,,,,,,,,,,
AFR,BFA,Burkina Faso,yfever,0,5,1,2,0,0,0,1024,7,1,4,2,3,19,14,1,288,0,0,3,2,0,1,0,,,,,,,,,,7,17,356,,,
AFR,BDI,Burundi,yfever,,,,,,,,0,0,0,0,0,0,,0,,,,,0,0,0,,260,,,,,,,,,,,,,,,
AFR,CPV,Cabo Verde,yfever,0,0,,0,0,0,0,0,0,0,0,0,0,0,0,0,0,0,0,,0,0,,,,,,,,,,,,,,,,,
WPR,KHM,Cambodia,yfever,,,,0,0,0,0,,,,,,,,,,0,,,,0,,,,,,,,,,,,,,,,,,
AFR,CMR,Cameroon,yfever,5,4,61,2,3,15,31,29,16,8,2,2,1,2,3,2,0,0,,,,0,,,10,,,0,173,0,0,,,,1,,,,7
AMR,CAN,Canada,yfever,0,0,2,4,5,0,3,2,0,0,1,0,0,0,0,0,0,,0,,,,,,,,,,,,,,,,,,,,
AFR,CAF,Central African Republic (the),yfever,1,0,0,0,0,4,0,7,6,29,5,0,1,0,0,2,0,0,0,0,0,0,,,,,,,,,,,,,,,,,
AFR,TCD,Chad,yfever,416,0,1,0,0,5,48,122,79,3,0,,0,0,0,0,,0,,0,,0,,,,,,,,,,,,,,,,,
AMR,CHL,Chile,yfever,0,1,0,0,0,0,0,0,0,0,0,0,0,0,0,0,,0,0,0,0,0,,,,,,,,,,,,,,,,,
WPR,CHN,China,yfever,,,,,,,,,,,,,,,0,,,,,,,,,,,,,,,,,,,,,,,,
AMR,COL,Colombia,yfever,1,0,6,0,0,1,0,0,0,5,3,7,5,20,32,102,20,9,5,2,1,5,8,3,2,1,2,4,7,1,7,17,6,5,16,1,2,7,11
AFR,COM,Comoros (the),yfever,0,0,,0,0,,,,0,0,0,0,0,0,0,0,,,,0,,0,,,,,,,,,,,,,,,,,
AFR,COG,Congo (the),yfever,1,0,0,0,0,1,1,188,0,1,0,0,0,0,0,0,,0,,0,,0,0,,,,,,,,,,,,,,,,
WPR,COK,Cook Islands,yfever,,,,,,,0,,0,,,,,,0,0,0,0,0,0,0,,,,,,,,,,,,,,,,,,
AMR,CRI,Costa Rica,yfever,0,0,0,,0,0,0,0,0,0,0,0,0,0,0,0,,0,0,0,0,0,,,,,,,,,,,,,,,,,
AFR,CIV,Côte d'Ivoire,yfever,2,11,3,15,21,6,5,10,49,22,14,0,2,2,0,1,158,80,,1,0,11,0,,,,,,,,,,,,,,25,,
EUR,HRV,Croatia,yfever,0,0,0,0,,0,0,0,0,0,0,0,0,0,0,0,0,0,0,0,,,,,,,,,,,,,,,,,,,
AMR,CUB,Cuba,yfever,0,0,0,0,0,,0,0,0,0,0,0,0,0,0,0,0,0,0,0,0,0,,,,,,,,,,,,,,,,,
EUR,CYP,Cyprus,yfever,0,0,0,0,0,0,0,0,0,0,0,0,0,0,0,0,0,,0,,,,,,,,,,,,,,,,,,,,
EUR,CZE,Czech Republic,yfever,1,0,0,0,0,0,0,0,0,0,0,0,0,0,0,0,0,0,,,,,,,,,,,,,,,,,,,,,
SEAR,PRK,Democratic People's Republic of Korea (the),yfever,0,0,0,0,0,0,0,0,,0,0,0,0,0,0,0,,,,0,,,,,,,,,,,,,,,,,,,
AFR,COD,Democratic Republic of the Congo (the),yfever,15,2,77,0,3,,1,195,289,0,113,204,81,140,1192,18,,36,,0,0,0,,,,,,,,,,,,,,,,,
EUR,DNK,Denmark,yfever,0,0,0,,,0,,,,,,,,,,0,0,,,,,,,,,,,,,,,,,,,,,,
EMR,DJI,Djibouti,yfever,,,,,,,,,0,0,0,0,,,,,,0,,,0,,,,,,,,,,,,,,,,,,
AMR,DMA,Dominica,yfever,,0,0,0,0,0,0,0,0,0,0,0,0,,0,,,0,0,,,,,,,,,,,,,,,,,,,,
AMR,DOM,Dominican Republic (the),yfever,0,,,,0,0,0,0,0,0,0,0,,,0,0,0,,0,0,,,,,,,,,,,,,,,,,,,
AMR,ECU,Ecuador,yfever,0,3,0,0,0,0,1,0,0,0,0,0,0,0,,0,0,0,2,3,4,31,8,1,0,1,16,14,12,0,0,0,0,1,1,5,,2,2
EMR,EGY,Egypt,yfever,,,,,,,,,,,,,,,,,,,,0,0,,,,,,,,,,,,,,,,,,
AMR,SLV,El Salvador,yfever,0,0,0,0,0,0,0,0,0,0,0,0,0,0,0,0,,0,0,0,0,0,,,,,,,,,,,,,,,,,
AFR,GNQ,Equatorial Guinea,yfever,0,0,0,0,0,0,0,0,0,0,10,,,0,0,0,0,0,,,,0,,,,,,,,,,,,,,,,,
AFR,ERI,Eritrea,yfever,0,0,0,,,0,0,,,,,,,,0,,,,,,,0,0,0,,,,,,,,,,,,,,,
EUR,EST,Estonia,yfever,0,0,0,0,0,0,0,0,0,0,0,0,0,0,0,0,0,0,0,,,,,,,,,,,,,,,,,,,,
AFR,SWZ,Eswatini,yfever,0,,,,,0,0,0,,0,0,0,0,0,0,,,,,0,,0,0,0,,,,,,,,,,,,,,,
AFR,ETH,Ethiopia,yfever,5,0,0,,,223,0,,,,0,0,0,0,,0,0,0,0,0,0,0,,0,,,,,,,,,,,,,,,
WPR,FJI,Fiji,yfever,0,,,,,,,,0,0,0,0,0,,0,0,0,0,,,,,,,,,,,,,,,,,,,,,
EUR,FIN,Finland,yfever,0,0,0,0,,,,0,0,0,0,0,0,0,,0,0,0,,,,,,,,,,,,,,,,,,,,,
EUR,FRA,France,yfever,,0,,,,0,,0,,0,0,0,0,0,,0,0,,,,,,,,,,,,,,,,,,,,,,
AFR,GAB,Gabon,yfever,0,0,0,1,0,0,0,0,0,0,0,0,57,0,,,0,2,,,,,0,16,28,0,0,,,,,,,,,,,,
AFR,GMB,Gambia,yfever,0,0,0,0,0,0,1,0,0,0,0,0,0,0,0,9,0,0,,0,,0,,,,,,,,,,,,,,,,,
EUR,GEO,Georgia,yfever,0,0,0,0,0,0,0,0,0,0,0,0,0,0,1,0,0,0,,,,,,,,,,,,,,,,,,,,,
EUR,DEU,Germany,yfever,0,0,0,0,0,0,0,0,0,,0,0,0,,0,0,0,0,0,,,,,,,,,,,,,,,,,,,,
AFR,GHA,Ghana,yfever,0,0,1,0,0,7,3,30,155,0,0,0,79,2,1,24,51,0,0,0,0,6,182,0,79,39,0,0,0,0,0,,,,,372,6,4,9
EUR,GRC,Greece,yfever,,0,0,0,,,0,0,0,0,0,,,0,,,0,0,0,,,,,,,,,,,,,,,,,,,,
AMR,GRD,Grenada,yfever,0,0,0,0,0,0,0,0,0,0,0,0,0,0,0,0,0,0,0,,,,,,,,,,,,,,,,,,,,
AMR,GTM,Guatemala,yfever,0,0,0,0,0,0,0,0,0,0,0,,,0,0,0,0,0,,,,,,,,,,,,,,,,,,,,,
AFR,GIN,Guinea,yfever,,1,4,,2,2,0,0,2,4,5,0,6,215,6,51,39,273,445,0,0,0,0,,,,,,,,,5,,,,,,,
AFR,GNB,Guinea-Bissau,yfever,11,0,0,0,0,0,0,0,0,0,0,0,0,0,0,0,0,0,,4,,0,0,,,,,,,,,,,,,,,,
AMR,GUY,Guyana,yfever,0,0,0,0,0,0,0,0,0,0,0,0,0,0,0,0,,0,0,,0,0,,,,,,,,,,,,,,,,,
AMR,HTI,Haiti,yfever,,,,,0,,0,,0,0,,,,,,,0,,,,,,,,,,,,,,,,,,,,,,
AMR,HND,Honduras,yfever,,0,0,0,0,0,0,0,0,0,0,0,0,0,0,0,0,0,0,0,0,0,,,,,,,,,,,,,,,,,
EUR,HUN,Hungary,yfever,0,0,0,0,0,0,0,0,0,0,0,0,0,0,0,0,,0,,,,,,,,,,,,,,,,,,,,,
EUR,ISL,Iceland,yfever,0,0,0,0,0,0,0,0,0,0,0,0,0,0,0,0,,0,0,,,,,,,,,,,,,,,,,,,,
SEAR,IND,India,yfever,,,,,,,,,,,,,,,,,,0,,,,,,,,,,,,,,,,,,,,,
SEAR,IDN,Indonesia,yfever,,0,,,,,,,0,0,0,0,0,,,,,,,,0,,,,,,,,,,,,,,,,,,
EMR,IRN,Iran (Islamic Republic of),yfever,0,,,,,,,,,,,,,,,,0,0,0,,0,,,,,,,,,,,,,,,,,,
EMR,IRQ,Iraq,yfever,0,,,,0,0,,0,,,0,0,,0,,,,0,,,,,,,,,,,,,,,,,,,,,
EUR,IRL,Ireland,yfever,0,0,,0,0,0,0,0,0,0,0,0,0,0,0,0,0,0,,,,,,,,,,,,,,,,,,,,,
EUR,ISR,Israel,yfever,,0,1,0,0,0,0,0,0,0,0,0,0,0,0,0,0,0,0,,,,,,,,,,,,,,,,,,,,
EUR,ITA,Italy,yfever,0,0,,0,,,,,,0,,0,0,0,0,0,0,,,,,,,,,,,,,,,,,,,,,,
AMR,JAM,Jamaica,yfever,0,0,0,0,0,0,0,0,0,0,0,0,0,0,0,0,0,0,0,,0,0,,,,,,,,,,,,,,,,,
WPR,JPN,Japan,yfever,0,0,0,0,0,0,0,0,0,0,0,0,,,,0,0,0,0,,0,,0,,,,,,,,,,,,,,,,
EMR,JOR,Jordan,yfever,0,,,,,,,0,0,0,0,0,0,0,,0,0,0,0,,0,,,,,,,,,,,,,,,,,,
EUR,KAZ,Kazakhstan,yfever,,0,0,0,,0,0,,0,0,0,0,0,0,0,0,0,,,0,,,,,,,,,,,,,,,,,,,
AFR,KEN,Kenya,yfever,0,0,3,0,0,0,0,0,0,,0,0,0,0,0,0,0,0,0,,0,0,0,11,7,27,27,,,,,,,,,,,,
WPR,KIR,Kiribati,yfever,0,0,,,0,0,0,,0,0,0,0,,,,,0,0,0,0,0,,,,,,,,,,,,,,,,,,
EMR,KWT,Kuwait,yfever,,,,,,0,0,0,0,,,,,0,,,,,0,0,0,,,,,,,,,,,,,,,,,,
EUR,KGZ,Kyrgyzstan,yfever,,,,,,,,,,,0,,,,,0,0,,,,,,,,,,,,,,,,,,,,,,
WPR,LAO,Lao People's Democratic Republic (the),yfever,0,0,0,,,,0,,,,,,0,,,,,,,0,0,,,,,,,,,,,,,,,,,,
EUR,LVA,Latvia,yfever,0,,0,0,,0,0,0,0,0,0,0,0,0,0,,0,0,,,,,,,,,,,,,,,,,,,,,
EMR,LBN,Lebanon,yfever,0,0,0,0,0,0,0,0,0,0,0,0,0,0,0,0,0,0,0,0,0,,,,,,,,,,,,,,,,,,
AFR,LSO,Lesotho,yfever,0,0,0,0,0,0,0,0,0,0,0,0,0,,,,,,0,,,,,,,,,,,,,,,,,,,,
AFR,LBR,Liberia,yfever,1,1,0,1,1,0,17,0,1,1,1,0,26,41,4,54,74,158,137,,25,3,,360,,,,,,,,,,,,,,,
EMR,LBY,Libya,yfever,0,,,,,,0,,,0,0,0,0,0,,,,0,,,0,,,,,,,,,,,,,,,,,,
EUR,LTU,Lithuania,yfever,0,0,0,,0,0,0,0,,0,0,0,0,0,0,0,0,0,0,,,,,,,,,,,,,,,,,,,,
EUR,LUX,Luxembourg,yfever,,0,0,0,,0,0,0,0,0,0,0,0,,0,0,,,,,,,,,,,,,,,,,,,,,,,
AFR,MDG,Madagascar,yfever,,,,,,,,0,0,0,,,,,,,0,0,,0,,0,,,,,,,,,,,,,,,,,
AFR,MWI,Malawi,yfever,0,0,0,0,0,0,,,,,,,,,0,,,,,0,0,0,0,,,,,,,,,,,,,,,,
WPR,MYS,Malaysia,yfever,0,0,0,0,0,0,,,0,0,0,0,0,0,0,0,0,0,0,0,0,,,,,,,,,,,,,,,,,,
SEAR,MDV,Maldives,yfever,0,0,0,0,0,0,0,0,0,0,0,0,0,0,,,,0,,,0,,,,,,,,,,,,,,,,,,
AFR,MLI,Mali,yfever,225,0,0,10,1,0,0,0,3,4,0,1,0,43,1,0,0,0,0,0,0,0,0,,,,,,,,,305,,,,,,,
EUR,MLT,Malta,yfever,0,0,0,0,0,,,0,0,0,0,0,,0,0,0,0,0,0,,,,,,,,,,,,,,,,,,,,
WPR,MHL,Marshall Islands (the),yfever,,,,,,,0,0,0,0,,0,0,,0,0,,0,0,0,,,,,,,,,,,,,,,,,,,
AFR,MRT,Mauritania,yfever,0,,0,0,,0,0,,,,0,0,0,,0,10,0,0,,,0,0,,,,,,,,,,21,,,,,,,
AFR,MUS,Mauritius,yfever,,0,,,0,0,0,0,0,0,0,0,0,0,0,0,,0,0,0,,0,0,,,,,,,,,,,,,,,,
AMR,MEX,Mexico,yfever,0,0,0,0,0,0,0,0,0,0,0,,,0,0,0,,0,0,,0,0,,,,,,,,,,,,,,,,,
WPR,FSM,Micronesia (Federated States of),yfever,0,0,0,0,0,,,,0,0,,0,0,,,0,,0,0,0,0,,,,,,,,,,,,,,,,,,
EUR,MCO,Monaco,yfever,,,,,,,,,,,,,,,,0,0,,,,,,,,,,,,,,,,,,,,,,
WPR,MNG,Mongolia,yfever,0,0,0,0,0,0,0,0,0,0,0,0,,0,0,0,0,0,0,,,,,,,,,,,,,,,,,,,,
EUR,MNE,Montenegro,yfever,,0,0,,,0,0,0,,0,0,0,0,,,,,,,,,,,,,,,,,,,,,,,,,,
EMR,MAR,Morocco,yfever,,,,,,,,0,,,,0,0,,,,,,0,,0,,,,,,,,,,,,,,,,,,
AFR,MOZ,Mozambique,yfever,,0,,0,,,,,,,0,0,,,,,,0,0,,,0,,,,,,,,,,,,,,,,,
SEAR,MMR,Myanmar,yfever,,,,,,,,,,,,,0,0,,,,0,,,,,,,,,,,,,,,,,,,,,
AFR,NAM,Namibia,yfever,0,0,0,0,0,,,0,0,0,3,0,,,0,,,0,,0,0,0,,,,,,,,,,,,,,,,,
WPR,NRU,Nauru,yfever,,,,,,,,0,0,0,0,0,0,,0,,0,0,,,,,,,,,,,,,,,,,,,,,
SEAR,NPL,Nepal,yfever,,,,,,,,,,,,,,,0,,,,,,,,,,,,,,,,,,,,,,,,
EUR,NLD,Netherlands (the),yfever,1,0,,0,0,0,0,,,,0,0,0,0,0,0,0,,,,,,,,,,,,,,,,,,,,,,
WPR,NZL,New Zealand,yfever,0,0,0,0,0,0,0,0,0,0,,0,0,0,0,0,0,0,0,0,0,,,,,,,,,,,,,,,,,,
AMR,NIC,Nicaragua,yfever,0,0,0,0,0,0,0,0,0,0,0,0,0,0,0,0,0,0,0,0,0,0,,,,,,,,,,,,,,,,,
AFR,NER,Niger (the),yfever,0,0,0,0,0,0,0,20,0,0,0,,0,,0,0,0,0,0,0,0,0,,0,,,,0,,0,,0,,,,,,,
AFR,NGA,Nigeria,yfever,47,26,0,0,0,0,0,387,0,0,0,0,,,,,0,5,0,,0,7,0,,1227,152,149,2561,4075,3270,5067,2676,1318,6,898,15,,,8
WPR,NIU,Niue,yfever,,,,,,0,0,0,0,0,0,0,,0,0,0,0,0,0,0,0,,,,,,,,,,,,,,,,,,
EUR,MKD,North Macedonia,yfever,,,0,0,0,0,0,0,0,0,0,0,0,0,0,0,0,0,,0,,,,,,,,,,,,,,,,,,,
EUR,NOR,Norway,yfever,0,0,0,0,0,0,0,0,0,0,0,,0,0,0,0,0,0,,,,,,,,,,,,,,,,,,,,,
EMR,OMN,Oman,yfever,0,0,0,0,0,0,0,0,0,0,0,0,0,0,,0,0,0,0,0,0,,,,,,,,,,,,,,,,,,
EMR,PAK,Pakistan,yfever,,,,,,,,,,,,,,,,,,,,,,,,,,,,,,,,,,,,,,,
WPR,PLW,Palau,yfever,,0,0,0,0,0,0,0,0,0,0,0,0,,0,,0,,0,0,0,,,,,,,,,,,,,,,,,,
AMR,PAN,Panama,yfever,0,0,0,0,0,0,0,0,0,0,0,0,0,0,0,0,,0,0,,0,0,,,,,,,,,,,,,,,,,
WPR,PNG,Papua New Guinea,yfever,0,,,,,,,,,,,,,,,,,,,,,,,,,,,,,,,,,,,,,,
AMR,PRY,Paraguay,yfever,0,0,0,0,0,0,0,0,0,0,28,0,0,0,0,0,0,0,0,,0,0,,,,,,,,,,,,,,,,,
AMR,PER,Peru,yfever,10,9,62,24,17,21,9,13,18,8,15,27,63,66,67,26,51,28,6,58,165,44,86,499,61,89,67,27,17,120,195,179,118,59,28,27,19,98,30
WPR,PHL,Philippines (the),yfever,,,,,,,,,,0,0,,,0,,,,,,0,,,,,,,,,,,,,,,,,,,
EUR,POL,Poland,yfever,0,0,0,,,0,0,,0,0,,0,0,0,0,0,0,0,0,,,,,,,,,,,,,,,,,,,,
EUR,PRT,Portugal,yfever,0,0,0,0,0,,0,0,,,,0,0,0,0,0,0,,,,,,,,,,,,,,,,,,,,,,
EMR,QAT,Qatar,yfever,0,0,0,0,0,0,0,0,0,0,,0,0,0,,0,0,0,0,,0,,,,,,,,,,,,,,,,,,
WPR,KOR,Republic of Korea (the),yfever,,0,,0,0,0,0,0,0,0,0,0,0,0,0,0,,0,,,0,,,,,,,,,,,,,,,,,,
EUR,MDA,Republic of Moldova (the),yfever,0,0,0,0,0,0,0,0,0,,0,0,0,0,0,0,,0,,0,,,,,,,,,,,,,,,,,,,
EUR,ROU,Romania,yfever,1,0,0,0,0,0,0,0,0,0,0,0,0,0,0,0,0,0,0,0,,,,,,,,,,,,,,,,,,,
EUR,RUS,Russian Federation (the),yfever,,,,,0,,,0,,,0,,,,,,0,0,,,,,,,,,,,,,,,,,,,,,
AFR,RWA,Rwanda,yfever,0,0,0,0,0,0,0,0,,,,,,0,,0,0,,0,0,,0,0,,,,,,,,,,,,,,,,
AMR,KNA,Saint Kitts and Nevis,yfever,0,0,0,0,0,0,0,0,0,0,0,0,0,0,0,0,,0,0,,,,,,,,,,,,,,,,,,,,
AMR,LCA,Saint Lucia,yfever,0,0,0,0,0,0,0,0,0,0,0,0,0,,0,0,0,0,0,,,,,,,,,,,,,,,,,,,,
AMR,VCT,Saint Vincent and the Grenadines,yfever,0,0,0,0,0,0,0,0,0,0,0,0,0,0,0,,0,0,0,,,,,,,,,,,,,,,,,,,,
WPR,WSM,Samoa,yfever,0,0,,,,,0,0,0,0,,,0,,0,,,0,,,0,,,,,,,,,,,,,,,,,,
EUR,SMR,San Marino,yfever,0,0,0,,,,0,0,0,0,,0,0,0,0,0,,,,,,,,,,,,,,,,,,,,,,,
AFR,STP,Sao Tome and Principe,yfever,0,0,0,0,0,0,0,0,0,0,0,0,0,0,0,0,0,0,0,,,0,0,,,,,,,,,,,,,,,,
EMR,SAU,Saudi Arabia,yfever,,,0,0,,0,,0,0,0,0,0,0,0,,0,0,0,,0,0,,,,,,,,,,,,,,,,,,
AFR,SEN,Senegal,yfever,0,0,0,1,0,2,1,7,1,0,0,0,1,7,1,163,,18,0,0,,0,,,,0,0,0,,,,,,,,,,3,
EUR,SRB,Serbia,yfever,0,,,,,,,,,,0,0,0,,0,,0,,0,0,,,,,,,,,,,,,,,,,,,
AFR,SYC,Seychelles,yfever,0,0,0,0,0,0,0,0,0,0,0,0,0,0,0,0,0,0,,0,0,0,0,0,,,,,,,,,,,,,,,
AFR,SLE,Sierra Leone,yfever,0,0,0,0,0,3,94,361,0,3,111,0,12,3,0,95,0,,1,,,0,,1,,,,,,,,,,,,,,,
WPR,SGP,Singapore,yfever,0,0,,,,0,0,0,0,0,0,0,0,0,0,0,0,,0,0,0,,,,,,,,,,,,,,,,,,
EUR,SVK,Slovakia,yfever,0,0,0,0,0,0,0,0,0,0,0,0,0,0,0,0,0,0,,,,,,,,,,,,,,,,,,,,,
EUR,SVN,Slovenia,yfever,0,0,0,0,0,0,0,0,0,0,0,0,0,0,0,0,0,0,,,,,,,,,,,,,,,,,,,,,
WPR,SLB,Solomon Islands,yfever,0,,,,,0,0,0,0,0,0,0,0,,0,,0,0,,,,,,,,,,,,,,,,,,,,,
EMR,SOM,Somalia,yfever,,,,,,,,,,,,,,,,,,,,,,,,,,,,,,,,,,,,,,,
AFR,ZAF,South Africa,yfever,0,0,0,0,0,0,,0,,0,,,0,0,0,0,,0,0,,0,0,0,,,0,0,0,0,0,,,,,,,,,
AFR,SSD,South Sudan,yfever,3,0,,0,0,,0,128,,,,,,,,,,,,,,,,,,,,,,,,,,,,,,,
EUR,ESP,Spain,yfever,,0,,,,0,0,0,0,1,0,0,0,0,0,,0,,0,,,,,,,,,,,,,,,,,,,,
SEAR,LKA,Sri Lanka,yfever,0,0,0,0,0,0,0,0,0,0,,,,0,0,,0,0,0,,0,,,,,,,,,,,,,,,,,,
EMR,SDN,Sudan (the),yfever,,,,,,,,,,,,,,,,,0,0,,,,,,,,,,,,,,,,,,,,,
AMR,SUR,Suriname,yfever,0,,0,0,0,0,0,0,0,0,0,0,0,0,0,,0,0,0,,,,,,,,,,,,,,,,,,,,
EUR,SWE,Sweden,yfever,0,0,0,0,0,0,0,0,0,0,0,0,0,0,0,0,0,0,0,,,,,,,,,,,,,,,,,,,,
EUR,CHE,Switzerland,yfever,1,0,0,,,,,,,0,0,0,0,0,0,0,0,0,,,,,,,,,,,,,,,,,,,,,
EMR,SYR,Syrian Arab Republic (the),yfever,0,0,0,,,0,0,0,0,0,0,0,,0,,0,,0,0,0,,,,,,,,,,,,,,,,,,,
EUR,TJK,Tajikistan,yfever,0,0,0,,,,,,,,,,0,,0,0,0,0,,0,,,,,,,,,,,,,,,,,,,
SEAR,THA,Thailand,yfever,0,0,0,0,0,0,0,0,0,0,,0,0,0,0,0,,0,0,0,0,,,,,,,,,,,,,,,,,,
SEAR,TLS,Timor-Leste,yfever,0,0,,0,0,0,0,0,,0,0,0,,0,0,0,0,,,,,,,,,,,,,,,,,,,,,,
AFR,TGO,Togo,yfever,0,0,0,0,0,0,12,0,0,0,2,3,3,0,0,0,0,0,0,0,0,0,,0,,,,,,,,5,,,1,,,,
WPR,TON,Tonga,yfever,0,0,0,,,0,0,0,0,0,0,,0,,,,0,0,,0,,,,,,,,,,,,,,,,,,,
AMR,TTO,Trinidad and Tobago,yfever,0,0,0,0,0,0,0,0,0,0,0,0,0,0,0,,0,0,0,,0,0,,,,,,,,,,,,,,,,,
EMR,TUN,Tunisia,yfever,,,0,,,,0,,,,,0,0,,,0,,,,,,,,,,,,,,,,,,,,,,,
EUR,TUR,Turkey,yfever,,,,,,,,0,0,0,,,0,0,,,,,,,,,,,,,,,,,,,,,,,,,
EUR,TKM,Turkmenistan,yfever,0,,0,,,,,,,,,,0,,0,0,0,0,,0,,,,,,,,,,,,,,,,,,,
WPR,TUV,Tuvalu,yfever,,,,,,,,,,,0,0,0,,0,,,,,0,,,,,,,,,,,,,,,,,,,
AFR,UGA,Uganda,yfever,2,3,8,,,,32,66,106,0,0,0,0,0,,11,,,0,,0,0,,,,,,,,,,,,,,,,,
EUR,UKR,Ukraine,yfever,0,,,,,,,0,,,0,0,0,,,0,0,0,0,,,,,,,,,,,,,,,,,,,,
EMR,ARE,United Arab Emirates (the),yfever,,,,,,,,,0,,0,,,0,0,0,0,0,0,0,,,,,,,,,,,,,,,,,,,
EUR,GBR,United Kingdom of Great Britain and Northern Ireland (the),yfever,0,,0,0,0,0,0,0,0,0,0,0,0,0,,0,0,1,0,,,,,,,,,,,,,,,,,,,,
AFR,TZA,United Republic of Tanzania,yfever,0,0,,,,0,0,,,,,0,0,0,0,,0,,,,,0,,,,,,,,,,,,,,,,,
AMR,USA,United States of America (the),yfever,,,,,0,0,0,0,0,0,0,,,,,0,1,0,0,,0,,,,,,,,,,,,,,,,,,
AMR,URY,Uruguay,yfever,0,0,0,0,0,0,0,0,0,0,0,0,0,0,0,0,0,0,0,0,0,0,0,0,,,,,,,,,,,,,,,
EUR,UZB,Uzbekistan,yfever,0,0,0,0,,0,,0,0,0,0,,0,0,0,0,0,0,,0,,,,,,,,,,,,,,,,,,,
WPR,VUT,Vanuatu,yfever,0,,,,,,,,,,,,,,,,,0,,0,0,,,,,,,,,,,,,,,,,,
AMR,VEN,Venezuela (Bolivarian Republic of),yfever,0,0,0,0,0,0,0,0,0,0,0,0,0,12,5,43,3,0,0,1,15,0,,2,,,,,,,,,,,,,,,4
WPR,VNM,Viet Nam,yfever,,,,,,,,,,,,,,,,0,,0,,0,,,,,,,,,,,,,,,,,,,
EMR,YEM,Yemen,yfever,,,,,,0,0,0,0,0,0,,,,,,,,,,,,,,,,,,,,,,,,,,,,
AFR,ZMB,Zambia,yfever,0,0,0,0,0,0,0,0,0,0,0,0,0,0,0,0,,0,0,0,,0,,,,,,,,,,,,,,,,,
AFR,ZWE,Zimbabwe,yfever,0,0,,0,,,0,,,0,,,,,,,,,,,,0,,,,,,,,,,,,,,,,,
